,economy,time,EN.ATM.METH.KT.CE
0,ABW,YR2010,
1,ABW,YR2011,
2,ABW,YR2012,
3,ABW,YR2013,
4,ABW,YR2014,
5,ABW,YR2015,
6,ABW,YR2016,
7,ABW,YR2017,
8,ABW,YR2018,
9,ABW,YR2019,
10,AFE,YR2010,503890.006164089
11,AFE,YR2011,508730.002934113
12,AFE,YR2012,494579.996177927
13,AFE,YR2013,496859.996045008
14,AFE,YR2014,501330.001080409
15,AFE,YR2015,509910.000765696
16,AFE,YR2016,515159.996608272
17,AFE,YR2017,518240.004519001
18,AFE,YR2018,519999.998191371
19,AFE,YR2019,525299.997815862
20,AFG,YR2010,15199.9998092651
21,AFG,YR2011,15500.0
22,AFG,YR2012,15630.0001144409
23,AFG,YR2013,15819.9996948242
24,AFG,YR2014,16299.9992370605
25,AFG,YR2015,15960.000038147
26,AFG,YR2016,15829.9999237061
27,AFG,YR2017,15609.9996566772
28,AFG,YR2018,15909.9998474121
29,AFG,YR2019,16370.0008392334
30,AFW,YR2010,300400.002397597
31,AFW,YR2011,308019.998341799
32,AFW,YR2012,310789.99593854
33,AFW,YR2013,315619.999557733
34,AFW,YR2014,323400.005161762
35,AFW,YR2015,330440.002083778
36,AFW,YR2016,343199.999518692
37,AFW,YR2017,349769.998013973
38,AFW,YR2018,359360.009014606
39,AFW,YR2019,366629.99817729
40,AGO,YR2010,36900.0015258789
41,AGO,YR2011,36639.9993896484
42,AGO,YR2012,35770.0004577637
43,AGO,YR2013,35759.9983215332
44,AGO,YR2014,34900.0015258789
45,AGO,YR2015,37110.0006103516
46,AGO,YR2016,37430.0003051758
47,AGO,YR2017,37619.9989318848
48,AGO,YR2018,34000.0
49,AGO,YR2019,35090.0001525879
50,ALB,YR2010,3029.99997138977
51,ALB,YR2011,3019.99998092651
52,ALB,YR2012,3059.99994277954
53,ALB,YR2013,3059.99994277954
54,ALB,YR2014,3089.99991416931
55,ALB,YR2015,3109.99989509583
56,ALB,YR2016,3089.99991416931
57,ALB,YR2017,3049.99995231628
58,ALB,YR2018,3009.99999046326
59,ALB,YR2019,2849.99990463257
60,AND,YR2010,50.0000007450581
61,AND,YR2011,50.0000007450581
62,AND,YR2012,50.0000007450581
63,AND,YR2013,50.0000007450581
64,AND,YR2014,50.0000007450581
65,AND,YR2015,50.0000007450581
66,AND,YR2016,50.0000007450581
67,AND,YR2017,50.0000007450581
68,AND,YR2018,50.0000007450581
69,AND,YR2019,50.0000007450581
70,ARB,YR2010,647359.996154904
71,ARB,YR2011,629389.997571706
72,ARB,YR2012,684220.005601645
73,ARB,YR2013,669139.992818236
74,ARB,YR2014,660750.002011657
75,ARB,YR2015,671169.996365905
76,ARB,YR2016,696080.000519752
77,ARB,YR2017,715760.000348091
78,ARB,YR2018,733430.007338524
79,ARB,YR2019,747469.994515181
80,ARE,YR2010,35720.0012207031
81,ARE,YR2011,38360.0006103516
82,ARE,YR2012,40310.001373291
83,ARE,YR2013,42439.998626709
84,ARE,YR2014,42869.9989318848
85,ARE,YR2015,45709.9990844727
86,ARE,YR2016,47360.0006103516
87,ARE,YR2017,46900.0015258789
88,ARE,YR2018,47459.9990844727
89,ARE,YR2019,49799.9992370605
90,ARG,YR2010,115949.996948242
91,ARG,YR2011,115250.0
92,ARG,YR2012,118709.999084473
93,ARG,YR2013,120360.000610352
94,ARG,YR2014,121540.000915527
95,ARG,YR2015,122010.00213623
96,ARG,YR2016,123599.998474121
97,ARG,YR2017,127550.003051758
98,ARG,YR2018,127540.000915527
99,ARG,YR2019,128800.003051758
100,ARM,YR2010,2200.00004768372
101,ARM,YR2011,2210.00003814697
102,ARM,YR2012,2269.99998092651
103,ARM,YR2013,2359.99989509583
104,ARM,YR2014,2410.00008583069
105,ARM,YR2015,2470.00002861023
106,ARM,YR2016,2490.00000953674
107,ARM,YR2017,2430.0000667572
108,ARM,YR2018,2349.99990463257
109,ARM,YR2019,2319.9999332428
110,ASM,YR2010,
111,ASM,YR2011,
112,ASM,YR2012,
113,ASM,YR2013,
114,ASM,YR2014,
115,ASM,YR2015,
116,ASM,YR2016,
117,ASM,YR2017,
118,ASM,YR2018,
119,ASM,YR2019,
120,ATG,YR2010,189.999997615814
121,ATG,YR2011,189.999997615814
122,ATG,YR2012,189.999997615814
123,ATG,YR2013,189.999997615814
124,ATG,YR2014,189.999997615814
125,ATG,YR2015,200.000002980232
126,ATG,YR2016,200.000002980232
127,ATG,YR2017,200.000002980232
128,ATG,YR2018,200.000002980232
129,ATG,YR2019,200.000002980232
130,AUS,YR2010,114900.001525879
131,AUS,YR2011,164059.997558594
132,AUS,YR2012,162619.995117188
133,AUS,YR2013,125680.000305176
134,AUS,YR2014,137669.998168945
135,AUS,YR2015,134160.003662109
136,AUS,YR2016,118379.997253418
137,AUS,YR2017,141300.003051758
138,AUS,YR2018,140600.006103516
139,AUS,YR2019,126069.999694824
140,AUT,YR2010,8109.99965667725
141,AUT,YR2011,7920.00007629395
142,AUT,YR2012,7769.99998092651
143,AUT,YR2013,7630.00011444092
144,AUT,YR2014,7440.00005722046
145,AUT,YR2015,7389.9998664856
146,AUT,YR2016,7309.99994277954
147,AUT,YR2017,7269.99998092651
148,AUT,YR2018,7039.99996185303
149,AUT,YR2019,6920.00007629395
150,AZE,YR2010,14020.0004577637
151,AZE,YR2011,13750.0
152,AZE,YR2012,14010.0002288818
153,AZE,YR2013,14319.9996948242
154,AZE,YR2014,14270.0004577637
155,AZE,YR2015,14229.9995422363
156,AZE,YR2016,14130.0001144409
157,AZE,YR2017,13869.9998855591
158,AZE,YR2018,14220.0002670288
159,AZE,YR2019,14670.0000762939
160,BDI,YR2010,930.000007152557
161,BDI,YR2011,1009.99999046326
162,BDI,YR2012,1009.99999046326
163,BDI,YR2013,1210.00003814697
164,BDI,YR2014,1169.99995708466
165,BDI,YR2015,1159.9999666214
166,BDI,YR2016,1320.00005245209
167,BDI,YR2017,1610.00001430511
168,BDI,YR2018,1610.00001430511
169,BDI,YR2019,1350.00002384186
170,BEL,YR2010,9239.99977111816
171,BEL,YR2011,8989.99977111816
172,BEL,YR2012,8829.99992370605
173,BEL,YR2013,8609.99965667725
174,BEL,YR2014,8539.99996185303
175,BEL,YR2015,8529.99973297119
176,BEL,YR2016,8449.99980926514
177,BEL,YR2017,8170.00007629395
178,BEL,YR2018,8189.9995803833
179,BEL,YR2019,8079.99992370605
180,BEN,YR2010,3119.99988555908
181,BEN,YR2011,3240.00000953674
182,BEN,YR2012,3299.99995231628
183,BEN,YR2013,3509.99999046326
184,BEN,YR2014,3470.00002861023
185,BEN,YR2015,3529.99997138977
186,BEN,YR2016,3690.00005722046
187,BEN,YR2017,3720.00002861023
188,BEN,YR2018,3819.9999332428
189,BEN,YR2019,3910.00008583069
190,BFA,YR2010,13039.999961853
191,BFA,YR2011,13300.0001907349
192,BFA,YR2012,13369.9998855591
193,BFA,YR2013,13760.0002288818
194,BFA,YR2014,14060.0004196167
195,BFA,YR2015,14260.0002288818
196,BFA,YR2016,15029.9997329712
197,BFA,YR2017,15260.0002288818
198,BFA,YR2018,15430.0003051758
199,BFA,YR2019,15850.0003814697
200,BGD,YR2010,85580.0018310547
201,BGD,YR2011,86279.9987792969
202,BGD,YR2012,87000.0
203,BGD,YR2013,88000.0
204,BGD,YR2014,88739.9978637695
205,BGD,YR2015,89830.0018310547
206,BGD,YR2016,89900.0015258789
207,BGD,YR2017,92430.0003051758
208,BGD,YR2018,92050.0030517578
209,BGD,YR2019,92650.0015258789
210,BGR,YR2010,7809.99994277954
211,BGR,YR2011,8069.99969482422
212,BGR,YR2012,7780.00020980835
213,BGR,YR2013,7519.99998092651
214,BGR,YR2014,7500.0
215,BGR,YR2015,7420.00007629395
216,BGR,YR2016,7130.00011444092
217,BGR,YR2017,7099.99990463257
218,BGR,YR2018,6960.00003814697
219,BGR,YR2019,6840.00015258789
220,BHR,YR2010,13479.9995422363
221,BHR,YR2011,13899.9996185303
222,BHR,YR2012,14140.0003433228
223,BHR,YR2013,15029.9997329712
224,BHR,YR2014,15479.9995422363
225,BHR,YR2015,15800.0001907349
226,BHR,YR2016,16239.9997711182
227,BHR,YR2017,16610.0006103516
228,BHR,YR2018,16899.9996185303
229,BHR,YR2019,17409.9998474121
230,BHS,YR2010,189.999997615814
231,BHS,YR2011,200.000002980232
232,BHS,YR2012,200.000002980232
233,BHS,YR2013,209.999993443489
234,BHS,YR2014,200.000002980232
235,BHS,YR2015,209.999993443489
236,BHS,YR2016,209.999993443489
237,BHS,YR2017,219.999998807907
238,BHS,YR2018,209.999993443489
239,BHS,YR2019,219.999998807907
240,BIH,YR2010,3799.99995231628
241,BIH,YR2011,3880.00011444092
242,BIH,YR2012,3799.99995231628
243,BIH,YR2013,3799.99995231628
244,BIH,YR2014,3549.99995231628
245,BIH,YR2015,3599.99990463257
246,BIH,YR2016,3579.99992370605
247,BIH,YR2017,3519.99998092651
248,BIH,YR2018,3700.00004768372
249,BIH,YR2019,3660.00008583069
250,BLR,YR2010,16299.9992370605
251,BLR,YR2011,15979.9995422363
252,BLR,YR2012,16250.0
253,BLR,YR2013,16920.0000762939
254,BLR,YR2014,16989.9997711182
255,BLR,YR2015,17229.9995422363
256,BLR,YR2016,16809.9994659424
257,BLR,YR2017,17010.0002288818
258,BLR,YR2018,17030.0006866455
259,BLR,YR2019,17020.0004577637
260,BLZ,YR2010,519.999980926514
261,BLZ,YR2011,529.999971389771
262,BLZ,YR2012,500.0
263,BLZ,YR2013,519.999980926514
264,BLZ,YR2014,469.999998807907
265,BLZ,YR2015,460.00000834465
266,BLZ,YR2016,479.999989271164
267,BLZ,YR2017,500.0
268,BLZ,YR2018,509.999990463257
269,BLZ,YR2019,529.999971389771
270,BMU,YR2010,
271,BMU,YR2011,
272,BMU,YR2012,
273,BMU,YR2013,
274,BMU,YR2014,
275,BMU,YR2015,
276,BMU,YR2016,
277,BMU,YR2017,
278,BMU,YR2018,
279,BMU,YR2019,
280,BOL,YR2010,25659.9998474121
281,BOL,YR2011,25569.9996948242
282,BOL,YR2012,26510.0002288818
283,BOL,YR2013,27510.0002288818
284,BOL,YR2014,27489.9997711182
285,BOL,YR2015,27940.0005340576
286,BOL,YR2016,28409.9998474121
287,BOL,YR2017,28229.9995422363
288,BOL,YR2018,27879.9991607666
289,BOL,YR2019,28360.0006103516
290,BRA,YR2010,419390.014648438
291,BRA,YR2011,418760.009765625
292,BRA,YR2012,421010.009765625
293,BRA,YR2013,418519.989013672
294,BRA,YR2014,424290.008544922
295,BRA,YR2015,430369.995117188
296,BRA,YR2016,432380.004882813
297,BRA,YR2017,430140.014648438
298,BRA,YR2018,424649.993896484
299,BRA,YR2019,431070.007324219
300,BRB,YR2010,2289.99996185303
301,BRB,YR2011,2299.99995231628
302,BRB,YR2012,2309.99994277954
303,BRB,YR2013,2309.99994277954
304,BRB,YR2014,2319.9999332428
305,BRB,YR2015,2319.9999332428
306,BRB,YR2016,2329.99992370605
307,BRB,YR2017,2339.99991416931
308,BRB,YR2018,2339.99991416931
309,BRB,YR2019,2349.99990463257
310,BRN,YR2010,1799.99995231628
311,BRN,YR2011,1860.00001430511
312,BRN,YR2012,1820.00005245209
313,BRN,YR2013,1659.9999666214
314,BRN,YR2014,1659.9999666214
315,BRN,YR2015,1570.00005245209
316,BRN,YR2016,1570.00005245209
317,BRN,YR2017,1639.99998569489
318,BRN,YR2018,1620.00000476837
319,BRN,YR2019,1590.0000333786
320,BTN,YR2010,540.000021457672
321,BTN,YR2011,540.000021457672
322,BTN,YR2012,529.999971389771
323,BTN,YR2013,540.000021457672
324,BTN,YR2014,509.999990463257
325,BTN,YR2015,490.000009536743
326,BTN,YR2016,490.000009536743
327,BTN,YR2017,500.0
328,BTN,YR2018,479.999989271164
329,BTN,YR2019,469.999998807907
330,BWA,YR2010,9060.0004196167
331,BWA,YR2011,11140.0003433228
332,BWA,YR2012,5190.00005722046
333,BWA,YR2013,4619.99988555908
334,BWA,YR2014,3130.00011444092
335,BWA,YR2015,2890.00010490417
336,BWA,YR2016,2470.00002861023
337,BWA,YR2017,3839.99991416931
338,BWA,YR2018,2789.99996185303
339,BWA,YR2019,2019.99998092651
340,CAF,YR2010,10130.0001144409
341,CAF,YR2011,10840.0001525879
342,CAF,YR2012,9470.00026702881
343,CAF,YR2013,10090.0001525879
344,CAF,YR2014,9880.00011444092
345,CAF,YR2015,10050.0001907349
346,CAF,YR2016,10949.9998092651
347,CAF,YR2017,10239.9997711182
348,CAF,YR2018,10529.9997329712
349,CAF,YR2019,9510.00022888184
350,CAN,YR2010,85559.9975585938
351,CAN,YR2011,86580.0018310547
352,CAN,YR2012,87010.0021362305
353,CAN,YR2013,89809.9975585938
354,CAN,YR2014,91930.0003051758
355,CAN,YR2015,92209.9990844727
356,CAN,YR2016,94449.9969482422
357,CAN,YR2017,98660.0036621094
358,CAN,YR2018,101730.003356934
359,CAN,YR2019,101699.996948242
360,CEB,YR2010,98430.001616478
361,CEB,YR2011,95339.9995565415
362,CEB,YR2012,94230.0003767013
363,CEB,YR2013,92789.9998426438
364,CEB,YR2014,91500.000476837
365,CEB,YR2015,91099.9993085861
366,CEB,YR2016,89500.0003576278
367,CEB,YR2017,89720.0008630753
368,CEB,YR2018,88659.9999666214
369,CEB,YR2019,87979.9998998642
370,CHE,YR2010,5530.00020980835
371,CHE,YR2011,5420.00007629395
372,CHE,YR2012,5400.00009536743
373,CHE,YR2013,5340.00015258789
374,CHE,YR2014,5280.00020980835
375,CHE,YR2015,5219.99979019165
376,CHE,YR2016,5210.00003814697
377,CHE,YR2017,5159.99984741211
378,CHE,YR2018,5110.0001335144
379,CHE,YR2019,5039.99996185303
380,CHI,YR2010,
381,CHI,YR2011,
382,CHI,YR2012,
383,CHI,YR2013,
384,CHI,YR2014,
385,CHI,YR2015,
386,CHI,YR2016,
387,CHI,YR2017,
388,CHI,YR2018,
389,CHI,YR2019,
390,CHL,YR2010,12279.9997329712
391,CHL,YR2011,12329.9999237061
392,CHL,YR2012,12609.9996566772
393,CHL,YR2013,11560.0004196167
394,CHL,YR2014,10829.9999237061
395,CHL,YR2015,10590.0001525879
396,CHL,YR2016,10909.9998474121
397,CHL,YR2017,11020.0004577637
398,CHL,YR2018,11409.9998474121
399,CHL,YR2019,11590.0001525879
400,CHN,YR2010,1072780.02929688
401,CHN,YR2011,1121239.99023438
402,CHN,YR2012,1122670.04394531
403,CHN,YR2013,1147020.01953125
404,CHN,YR2014,1161119.99511719
405,CHN,YR2015,1159609.98535156
406,CHN,YR2016,1120069.94628906
407,CHN,YR2017,1131479.98046875
408,CHN,YR2018,1158959.9609375
409,CHN,YR2019,1176140.01464844
410,CIV,YR2010,8479.99954223633
411,CIV,YR2011,7969.99979019165
412,CIV,YR2012,7340.00015258789
413,CIV,YR2013,7699.99980926514
414,CIV,YR2014,7239.99977111816
415,CIV,YR2015,7090.00015258789
416,CIV,YR2016,7730.00001907349
417,CIV,YR2017,7420.00007629395
418,CIV,YR2018,7280.00020980835
419,CIV,YR2019,7230.00001907349
420,CMR,YR2010,13460.000038147
421,CMR,YR2011,13229.9995422363
422,CMR,YR2012,13479.9995422363
423,CMR,YR2013,14060.0004196167
424,CMR,YR2014,14380.0001144409
425,CMR,YR2015,15289.999961853
426,CMR,YR2016,15479.9995422363
427,CMR,YR2017,15060.0004196167
428,CMR,YR2018,15350.0003814697
429,CMR,YR2019,15550.0001907349
430,COD,YR2010,30680.0003051758
431,COD,YR2011,30370.0008392334
432,COD,YR2012,29569.9996948242
433,COD,YR2013,31010.0002288818
434,COD,YR2014,31870.0008392334
435,COD,YR2015,32869.9989318848
436,COD,YR2016,33479.9995422363
437,COD,YR2017,35330.0018310547
438,COD,YR2018,34250.0
439,COD,YR2019,34930.0003051758
440,COG,YR2010,8670.00007629395
441,COG,YR2011,8430.00030517578
442,COG,YR2012,7920.00007629395
443,COG,YR2013,7409.99984741211
444,COG,YR2014,7130.00011444092
445,COG,YR2015,7119.99988555908
446,COG,YR2016,6920.00007629395
447,COG,YR2017,7460.00003814697
448,COG,YR2018,8869.99988555908
449,COG,YR2019,9260.00022888184
450,COL,YR2010,71849.9984741211
451,COL,YR2011,70540.0009155273
452,COL,YR2012,68879.997253418
453,COL,YR2013,69610.0006103516
454,COL,YR2014,69660.0036621094
455,COL,YR2015,69620.002746582
456,COL,YR2016,69599.9984741211
457,COL,YR2017,70989.9978637695
458,COL,YR2018,74120.002746582
459,COL,YR2019,76839.9963378906
460,COM,YR2010,200.000002980232
461,COM,YR2011,219.999998807907
462,COM,YR2012,219.999998807907
463,COM,YR2013,230.000004172325
464,COM,YR2014,239.999994635582
465,COM,YR2015,239.999994635582
466,COM,YR2016,250.0
467,COM,YR2017,250.0
468,COM,YR2018,259.999990463257
469,COM,YR2019,270.000010728836
470,CPV,YR2010,100.000001490116
471,CPV,YR2011,90.0000035762787
472,CPV,YR2012,90.0000035762787
473,CPV,YR2013,90.0000035762787
474,CPV,YR2014,90.0000035762787
475,CPV,YR2015,90.0000035762787
476,CPV,YR2016,100.000001490116
477,CPV,YR2017,90.0000035762787
478,CPV,YR2018,90.0000035762787
479,CPV,YR2019,90.0000035762787
480,CRI,YR2010,4159.99984741211
481,CRI,YR2011,4260.00022888184
482,CRI,YR2012,4210.00003814697
483,CRI,YR2013,4289.99996185303
484,CRI,YR2014,4300.00019073486
485,CRI,YR2015,4340.00015258789
486,CRI,YR2016,4519.99998092651
487,CRI,YR2017,4579.99992370605
488,CRI,YR2018,4630.00011444092
489,CRI,YR2019,4690.00005722046
490,CSS,YR2010,17149.9997377396
491,CSS,YR2011,17259.9998861551
492,CSS,YR2012,17319.9995905161
493,CSS,YR2013,17550.000205636
494,CSS,YR2014,17629.9995034933
495,CSS,YR2015,17230.0000190735
496,CSS,YR2016,16129.9999952316
497,CSS,YR2017,16349.9998599291
498,CSS,YR2018,16459.999859333
499,CSS,YR2019,16829.9999982119
500,CUB,YR2010,11920.0000762939
501,CUB,YR2011,12239.9997711182
502,CUB,YR2012,12220.0002670288
503,CUB,YR2013,12250.0
504,CUB,YR2014,12239.9997711182
505,CUB,YR2015,11750.0
506,CUB,YR2016,11840.0001525879
507,CUB,YR2017,11399.9996185303
508,CUB,YR2018,11449.9998092651
509,CUB,YR2019,11149.9996185303
510,CUW,YR2010,
511,CUW,YR2011,
512,CUW,YR2012,
513,CUW,YR2013,
514,CUW,YR2014,
515,CUW,YR2015,
516,CUW,YR2016,
517,CUW,YR2017,
518,CUW,YR2018,
519,CUW,YR2019,
520,CYM,YR2010,
521,CYM,YR2011,
522,CYM,YR2012,
523,CYM,YR2013,
524,CYM,YR2014,
525,CYM,YR2015,
526,CYM,YR2016,
527,CYM,YR2017,
528,CYM,YR2018,
529,CYM,YR2019,
530,CYP,YR2010,689.999997615814
531,CYP,YR2011,689.999997615814
532,CYP,YR2012,689.999997615814
533,CYP,YR2013,689.999997615814
534,CYP,YR2014,699.999988079071
535,CYP,YR2015,709.999978542328
536,CYP,YR2016,730.000019073486
537,CYP,YR2017,740.000009536743
538,CYP,YR2018,740.000009536743
539,CYP,YR2019,740.000009536743
540,CZE,YR2010,13819.9996948242
541,CZE,YR2011,13770.0004577637
542,CZE,YR2012,13619.9998855591
543,CZE,YR2013,12819.9996948242
544,CZE,YR2014,12760.0002288818
545,CZE,YR2015,12760.0002288818
546,CZE,YR2016,12470.0002670288
547,CZE,YR2017,12489.9997711182
548,CZE,YR2018,12409.9998474121
549,CZE,YR2019,12439.9995803833
550,DEU,YR2010,58060.001373291
551,DEU,YR2011,56150.0015258789
552,DEU,YR2012,55560.001373291
553,DEU,YR2013,55310.001373291
554,DEU,YR2014,53569.9996948242
555,DEU,YR2015,52720.0012207031
556,DEU,YR2016,51819.9996948242
557,DEU,YR2017,51409.9998474121
558,DEU,YR2018,49849.9984741211
559,DEU,YR2019,48709.9990844727
560,DJI,YR2010,620.000004768372
561,DJI,YR2011,629.999995231628
562,DJI,YR2012,629.999995231628
563,DJI,YR2013,639.999985694885
564,DJI,YR2014,639.999985694885
565,DJI,YR2015,649.999976158142
566,DJI,YR2016,649.999976158142
567,DJI,YR2017,649.999976158142
568,DJI,YR2018,649.999976158142
569,DJI,YR2019,660.000026226044
570,DMA,YR2010,39.9999991059303
571,DMA,YR2011,39.9999991059303
572,DMA,YR2012,39.9999991059303
573,DMA,YR2013,39.9999991059303
574,DMA,YR2014,39.9999991059303
575,DMA,YR2015,39.9999991059303
576,DMA,YR2016,39.9999991059303
577,DMA,YR2017,39.9999991059303
578,DMA,YR2018,39.9999991059303
579,DMA,YR2019,39.9999991059303
580,DNK,YR2010,9050.00019073486
581,DNK,YR2011,8729.99954223633
582,DNK,YR2012,8560.0004196167
583,DNK,YR2013,8350.00038146973
584,DNK,YR2014,8199.99980926514
585,DNK,YR2015,8199.99980926514
586,DNK,YR2016,8149.99961853027
587,DNK,YR2017,8079.99992370605
588,DNK,YR2018,7949.99980926514
589,DNK,YR2019,7780.00020980835
590,DOM,YR2010,8470.00026702881
591,DOM,YR2011,8560.0004196167
592,DOM,YR2012,8590.00015258789
593,DOM,YR2013,8649.99961853027
594,DOM,YR2014,8710.00003814697
595,DOM,YR2015,8739.99977111816
596,DOM,YR2016,8840.00015258789
597,DOM,YR2017,8960.00003814697
598,DOM,YR2018,9140.00034332275
599,DOM,YR2019,9310.0004196167
600,DZA,YR2010,82790.0009155273
601,DZA,YR2011,81290.0009155273
602,DZA,YR2012,85690.0024414063
603,DZA,YR2013,85510.0021362305
604,DZA,YR2014,89290.0009155273
605,DZA,YR2015,89629.997253418
606,DZA,YR2016,93000.0
607,DZA,YR2017,92900.0015258789
608,DZA,YR2018,94400.0015258789
609,DZA,YR2019,92339.9963378906
610,EAP,YR2010,1730270.02980561
611,EAP,YR2011,1778919.98082772
612,EAP,YR2012,1781710.04185453
613,EAP,YR2013,1810710.02564207
614,EAP,YR2014,1830560.00873819
615,EAP,YR2015,1828579.96252551
616,EAP,YR2016,1794659.94814411
617,EAP,YR2017,1816419.98562589
618,EAP,YR2018,1847659.96775404
619,EAP,YR2019,1862750.04184619
620,EAR,YR2010,2797249.99019876
621,EAR,YR2011,2800840.02328664
622,EAR,YR2012,2855789.9620384
623,EAR,YR2013,2844060.0220412
624,EAR,YR2014,2863669.989191
625,EAR,YR2015,2874469.99087185
626,EAR,YR2016,2919070.03263384
627,EAR,YR2017,2962090.01109004
628,EAR,YR2018,2979019.992657
629,EAR,YR2019,2960800.02725869
630,EAS,YR2010,1938350.03259033
631,EAS,YR2011,2036029.97964994
632,EAS,YR2012,2037920.03509775
633,EAS,YR2013,2029320.02446428
634,EAS,YR2014,2060710.00537649
635,EAS,YR2015,2053339.96430412
636,EAS,YR2016,2003119.94663253
637,EAS,YR2017,2047499.98852983
638,EAS,YR2018,2077499.97327104
639,EAS,YR2019,2077260.04195586
640,ECA,YR2010,904499.993681908
641,ECA,YR2011,927580.025017262
642,ECA,YR2012,929070.018589496
643,ECA,YR2013,936170.019447804
644,ECA,YR2014,936480.007231236
645,ECA,YR2015,938449.991762638
646,ECA,YR2016,954650.019228459
647,ECA,YR2017,975790.025770664
648,ECA,YR2018,1012229.99483347
649,ECA,YR2019,1029869.99130249
650,ECS,YR2010,1376459.99829844
651,ECS,YR2011,1384140.02447203
652,ECS,YR2012,1380640.02208784
653,ECS,YR2013,1378750.02102926
654,ECS,YR2014,1370690.00451639
655,ECS,YR2015,1372639.99300078
656,ECS,YR2016,1387010.02131775
657,ECS,YR2017,1406330.02482727
658,ECS,YR2018,1434879.99330834
659,ECS,YR2019,1448459.98834446
660,ECU,YR2010,27690.0005340576
661,ECU,YR2011,27870.0008392334
662,ECU,YR2012,27819.9996948242
663,ECU,YR2013,28270.0004577637
664,ECU,YR2014,27829.9999237061
665,ECU,YR2015,27049.9992370605
666,ECU,YR2016,27309.9994659424
667,ECU,YR2017,27149.9996185303
668,ECU,YR2018,26549.9992370605
669,ECU,YR2019,27170.0000762939
670,EGY,YR2010,62709.9990844727
671,EGY,YR2011,64930.0003051758
672,EGY,YR2012,67260.0021362305
673,EGY,YR2013,65769.9966430664
674,EGY,YR2014,66610.0006103516
675,EGY,YR2015,65540.0009155273
676,EGY,YR2016,67959.9990844727
677,EGY,YR2017,69790.0009155273
678,EGY,YR2018,70550.0030517578
679,EGY,YR2019,75129.997253418
680,EMU,YR2010,306690.002769232
681,EMU,YR2011,298580.000475049
682,EMU,YR2012,296330.004528165
683,EMU,YR2013,292710.001766682
684,EMU,YR2014,288029.998496175
685,EMU,YR2015,289250.001505017
686,EMU,YR2016,287320.003181696
687,EMU,YR2017,285609.998613596
688,EMU,YR2018,279469.999462366
689,EMU,YR2019,277109.996467829
690,ERI,YR2010,3309.99994277954
691,ERI,YR2011,3460.00003814697
692,ERI,YR2012,3480.00001907349
693,ERI,YR2013,3519.99998092651
694,ERI,YR2014,3539.99996185303
695,ERI,YR2015,3569.9999332428
696,ERI,YR2016,3609.99989509583
697,ERI,YR2017,3630.00011444092
698,ERI,YR2018,3650.00009536743
699,ERI,YR2019,3680.0000667572
700,ESP,YR2010,38590.0001525879
701,ESP,YR2011,38430.0003051758
702,ESP,YR2012,37729.9995422363
703,ESP,YR2013,37180.0003051758
704,ESP,YR2014,37000.0
705,ESP,YR2015,38580.0018310547
706,ESP,YR2016,38700.0007629395
707,ESP,YR2017,39080.0018310547
708,ESP,YR2018,39099.9984741211
709,ESP,YR2019,39279.9987792969
710,EST,YR2010,1289.99996185303
711,EST,YR2011,1230.00001907349
712,EST,YR2012,1230.00001907349
713,EST,YR2013,1200.00004768372
714,EST,YR2014,1190.00005722046
715,EST,YR2015,1179.99994754791
716,EST,YR2016,1100.00002384186
717,EST,YR2017,1110.00001430511
718,EST,YR2018,1110.00001430511
719,EST,YR2019,1110.00001430511
720,ETH,YR2010,71260.0021362305
721,ETH,YR2011,70290.0009155273
722,ETH,YR2012,72739.9978637695
723,ETH,YR2013,74940.0024414063
724,ETH,YR2014,77309.9975585938
725,ETH,YR2015,78959.9990844727
726,ETH,YR2016,81110.0006103516
727,ETH,YR2017,82860.0006103516
728,ETH,YR2018,83139.9993896484
729,ETH,YR2019,84139.9993896484
730,EUU,YR2010,406350.004285574
731,EUU,YR2011,394979.999616742
732,EUU,YR2012,391830.005005002
733,EUU,YR2013,386390.002071857
734,EUU,YR2014,380509.998753667
735,EUU,YR2015,381120.000675321
736,EUU,YR2016,377540.003448725
737,EUU,YR2017,376049.999147653
738,EUU,YR2018,368739.999443293
739,EUU,YR2019,365379.996687174
740,FCS,YR2010,984429.997641593
741,FCS,YR2011,952089.999243617
742,FCS,YR2012,995179.991677404
743,FCS,YR2013,989559.99943614
744,FCS,YR2014,984320.002764464
745,FCS,YR2015,993779.998868704
746,FCS,YR2016,1006870.00928819
747,FCS,YR2017,1021199.99755919
748,FCS,YR2018,1027900.01000464
749,FCS,YR2019,1024650.00288189
750,FIN,YR2010,5679.99982833862
751,FIN,YR2011,5480.00001907349
752,FIN,YR2012,5469.99979019165
753,FIN,YR2013,5340.00015258789
754,FIN,YR2014,5210.00003814697
755,FIN,YR2015,5130.00011444092
756,FIN,YR2016,5019.99998092651
757,FIN,YR2017,4900.00009536743
758,FIN,YR2018,4750.0
759,FIN,YR2019,4639.9998664856
760,FJI,YR2010,759.999990463257
761,FJI,YR2011,759.999990463257
762,FJI,YR2012,759.999990463257
763,FJI,YR2013,769.999980926514
764,FJI,YR2014,360.000014305115
765,FJI,YR2015,370.000004768372
766,FJI,YR2016,370.000004768372
767,FJI,YR2017,400.000005960464
768,FJI,YR2018,409.999996423721
769,FJI,YR2019,449.999988079071
770,FRA,YR2010,67930.0003051758
771,FRA,YR2011,65519.9966430664
772,FRA,YR2012,64940.0024414063
773,FRA,YR2013,64849.9984741211
774,FRA,YR2014,63689.998626709
775,FRA,YR2015,63110.0006103516
776,FRA,YR2016,62200.0007629395
777,FRA,YR2017,61299.9992370605
778,FRA,YR2018,60560.001373291
779,FRA,YR2019,59659.9998474121
780,FRO,YR2010,
781,FRO,YR2011,
782,FRO,YR2012,
783,FRO,YR2013,
784,FRO,YR2014,
785,FRO,YR2015,
786,FRO,YR2016,
787,FRO,YR2017,
788,FRO,YR2018,
789,FRO,YR2019,
790,FSM,YR2010,39.9999991059303
791,FSM,YR2011,50.0000007450581
792,FSM,YR2012,50.0000007450581
793,FSM,YR2013,50.0000007450581
794,FSM,YR2014,50.0000007450581
795,FSM,YR2015,50.0000007450581
796,FSM,YR2016,50.0000007450581
797,FSM,YR2017,50.0000007450581
798,FSM,YR2018,50.0000007450581
799,FSM,YR2019,50.0000007450581
800,GAB,YR2010,6429.99982833862
801,GAB,YR2011,6320.00017166138
802,GAB,YR2012,6059.99994277954
803,GAB,YR2013,5900.00009536743
804,GAB,YR2014,6039.99996185303
805,GAB,YR2015,6210.00003814697
806,GAB,YR2016,6190.00005722046
807,GAB,YR2017,5699.99980926514
808,GAB,YR2018,5380.00011444092
809,GAB,YR2019,5869.99988555908
810,GBR,YR2010,62340.0001525879
811,GBR,YR2011,58799.9992370605
812,GBR,YR2012,56779.9987792969
813,GBR,YR2013,53139.9993896484
814,GBR,YR2014,50759.9983215332
815,GBR,YR2015,50110.0006103516
816,GBR,YR2016,51599.9984741211
817,GBR,YR2017,51340.0001525879
818,GBR,YR2018,50779.9987792969
819,GBR,YR2019,50110.0006103516
820,GEO,YR2010,5750.0
821,GEO,YR2011,5699.99980926514
822,GEO,YR2012,5769.99998092651
823,GEO,YR2013,5820.00017166138
824,GEO,YR2014,5809.99994277954
825,GEO,YR2015,5510.00022888184
826,GEO,YR2016,5480.00001907349
827,GEO,YR2017,5389.9998664856
828,GEO,YR2018,5269.99998092651
829,GEO,YR2019,5190.00005722046
830,GHA,YR2010,7889.9998664856
831,GHA,YR2011,8840.00015258789
832,GHA,YR2012,8579.99992370605
833,GHA,YR2013,9159.99984741211
834,GHA,YR2014,9279.99973297119
835,GHA,YR2015,9710.00003814697
836,GHA,YR2016,9779.99973297119
837,GHA,YR2017,10520.0004577637
838,GHA,YR2018,10590.0001525879
839,GHA,YR2019,10899.9996185303
840,GIB,YR2010,
841,GIB,YR2011,
842,GIB,YR2012,
843,GIB,YR2013,
844,GIB,YR2014,
845,GIB,YR2015,
846,GIB,YR2016,
847,GIB,YR2017,
848,GIB,YR2018,
849,GIB,YR2019,
850,GIN,YR2010,11569.9996948242
851,GIN,YR2011,12270.0004577637
852,GIN,YR2012,13039.999961853
853,GIN,YR2013,13329.9999237061
854,GIN,YR2014,13640.0003433228
855,GIN,YR2015,13819.9996948242
856,GIN,YR2016,15079.9999237061
857,GIN,YR2017,15260.0002288818
858,GIN,YR2018,15390.0003433228
859,GIN,YR2019,16250.0
860,GMB,YR2010,1350.00002384186
861,GMB,YR2011,1049.99995231628
862,GMB,YR2012,1149.99997615814
863,GMB,YR2013,1220.00002861023
864,GMB,YR2014,1259.99999046326
865,GMB,YR2015,1389.99998569489
866,GMB,YR2016,1269.99998092651
867,GMB,YR2017,1289.99996185303
868,GMB,YR2018,1129.99999523163
869,GMB,YR2019,1299.99995231628
870,GNB,YR2010,1120.00000476837
871,GNB,YR2011,1100.00002384186
872,GNB,YR2012,1200.00004768372
873,GNB,YR2013,1200.00004768372
874,GNB,YR2014,1139.99998569489
875,GNB,YR2015,1210.00003814697
876,GNB,YR2016,1220.00002861023
877,GNB,YR2017,1230.00001907349
878,GNB,YR2018,1279.99997138977
879,GNB,YR2019,1289.99996185303
880,GNQ,YR2010,6440.00005722046
881,GNQ,YR2011,5730.00001907349
882,GNQ,YR2012,5610.0001335144
883,GNQ,YR2013,5300.00019073486
884,GNQ,YR2014,8130.00011444092
885,GNQ,YR2015,7420.00007629395
886,GNQ,YR2016,6889.9998664856
887,GNQ,YR2017,6289.99996185303
888,GNQ,YR2018,6170.00007629395
889,GNQ,YR2019,5670.00007629395
890,GRC,YR2010,10869.9998855591
891,GRC,YR2011,10720.0002670288
892,GRC,YR2012,10590.0001525879
893,GRC,YR2013,10210.000038147
894,GRC,YR2014,10090.0001525879
895,GRC,YR2015,9930.00030517578
896,GRC,YR2016,9600.00038146973
897,GRC,YR2017,9659.99984741211
898,GRC,YR2018,9369.99988555908
899,GRC,YR2019,9340.00015258789
900,GRD,YR2010,1950.00004768372
901,GRD,YR2011,1960.00003814697
902,GRD,YR2012,1970.00002861023
903,GRD,YR2013,1980.00001907349
904,GRD,YR2014,1990.00000953674
905,GRD,YR2015,2000.0
906,GRD,YR2016,2009.99999046326
907,GRD,YR2017,2019.99998092651
908,GRD,YR2018,2029.99997138977
909,GRD,YR2019,2039.99996185303
910,GRL,YR2010,
911,GRL,YR2011,
912,GRL,YR2012,
913,GRL,YR2013,
914,GRL,YR2014,
915,GRL,YR2015,
916,GRL,YR2016,
917,GRL,YR2017,
918,GRL,YR2018,
919,GRL,YR2019,
920,GTM,YR2010,8529.99973297119
921,GTM,YR2011,8569.99969482422
922,GTM,YR2012,8750.0
923,GTM,YR2013,8909.99984741211
924,GTM,YR2014,9189.9995803833
925,GTM,YR2015,9420.00007629395
926,GTM,YR2016,9739.99977111816
927,GTM,YR2017,9989.99977111816
928,GTM,YR2018,10159.9998474121
929,GTM,YR2019,10390.0003433228
930,GUM,YR2010,
931,GUM,YR2011,
932,GUM,YR2012,
933,GUM,YR2013,
934,GUM,YR2014,
935,GUM,YR2015,
936,GUM,YR2016,
937,GUM,YR2017,
938,GUM,YR2018,
939,GUM,YR2019,
940,GUY,YR2010,1299.99995231628
941,GUY,YR2011,1360.00001430511
942,GUY,YR2012,1399.99997615814
943,GUY,YR2013,1539.99996185303
944,GUY,YR2014,1679.99994754791
945,GUY,YR2015,1740.00000953674
946,GUY,YR2016,1429.99994754791
947,GUY,YR2017,1580.00004291534
948,GUY,YR2018,1539.99996185303
949,GUY,YR2019,1809.99994277954
950,HIC,YR2010,1643859.99493673
951,HIC,YR2011,1700440.00564888
952,HIC,YR2012,1714629.96828929
953,HIC,YR2013,1678219.97748688
954,HIC,YR2014,1707709.96332541
955,HIC,YR2015,1709899.99212697
956,HIC,YR2016,1685349.97579828
957,HIC,YR2017,1723150.02011135
958,HIC,YR2018,1763770.03428713
959,HIC,YR2019,1780370.00243738
960,HKG,YR2010,
961,HKG,YR2011,
962,HKG,YR2012,
963,HKG,YR2013,
964,HKG,YR2014,
965,HKG,YR2015,
966,HKG,YR2016,
967,HKG,YR2017,
968,HKG,YR2018,
969,HKG,YR2019,
970,HND,YR2010,7019.99998092651
971,HND,YR2011,7130.00011444092
972,HND,YR2012,7179.99982833862
973,HND,YR2013,7309.99994277954
974,HND,YR2014,7440.00005722046
975,HND,YR2015,7469.99979019165
976,HND,YR2016,7570.00017166138
977,HND,YR2017,7420.00007629395
978,HND,YR2018,7670.00007629395
979,HND,YR2019,7670.00007629395
980,HPC,YR2010,510770.002568141
981,HPC,YR2011,519899.997154251
982,HPC,YR2012,529949.99662973
983,HPC,YR2013,544329.999858513
984,HPC,YR2014,553910.002792254
985,HPC,YR2015,567949.996257201
986,HPC,YR2016,580959.995845333
987,HPC,YR2017,586660.005668178
988,HPC,YR2018,598690.002659336
989,HPC,YR2019,608370.003620162
990,HRV,YR2010,3799.99995231628
991,HRV,YR2011,3809.99994277954
992,HRV,YR2012,3750.0
993,HRV,YR2013,3650.00009536743
994,HRV,YR2014,3640.00010490417
995,HRV,YR2015,3740.00000953674
996,HRV,YR2016,3750.0
997,HRV,YR2017,3769.99998092651
998,HRV,YR2018,3670.00007629395
999,HRV,YR2019,3680.0000667572
1000,HTI,YR2010,4829.99992370605
1001,HTI,YR2011,4889.9998664856
1002,HTI,YR2012,4929.99982833862
1003,HTI,YR2013,4960.00003814697
1004,HTI,YR2014,4980.00001907349
1005,HTI,YR2015,5050.00019073486
1006,HTI,YR2016,5179.99982833862
1007,HTI,YR2017,5219.99979019165
1008,HTI,YR2018,5239.99977111816
1009,HTI,YR2019,5280.00020980835
1010,HUN,YR2010,7980.00001907349
1011,HUN,YR2011,7800.00019073486
1012,HUN,YR2012,7659.99984741211
1013,HUN,YR2013,7480.00001907349
1014,HUN,YR2014,7309.99994277954
1015,HUN,YR2015,7239.99977111816
1016,HUN,YR2016,7230.00001907349
1017,HUN,YR2017,7159.99984741211
1018,HUN,YR2018,7059.99994277954
1019,HUN,YR2019,7000.0
1020,IBD,YR2010,4897970.02058104
1021,IBD,YR2011,4947520.04944161
1022,IBD,YR2012,5013750.03373995
1023,IBD,YR2013,5023990.04710093
1024,IBD,YR2014,5061740.02001062
1025,IBD,YR2015,5088239.96447399
1026,IBD,YR2016,5109539.99232128
1027,IBD,YR2017,5169850.04093126
1028,IBD,YR2018,5224839.94795754
1029,IBD,YR2019,5239280.04713729
1030,IBT,YR2010,6049420.02833822
1031,IBT,YR2011,6113340.05206638
1032,IBT,YR2012,6166070.03085874
1033,IBT,YR2013,6192870.04435621
1034,IBT,YR2014,6244800.02088659
1035,IBT,YR2015,6283689.96378593
1036,IBT,YR2016,6328249.99862723
1037,IBT,YR2017,6408310.03432535
1038,IBT,YR2018,6491139.95542936
1039,IBT,YR2019,6527110.04590802
1040,IDA,YR2010,1151450.00775717
1041,IDA,YR2011,1165820.00262477
1042,IDA,YR2012,1152319.99711879
1043,IDA,YR2013,1168879.99725528
1044,IDA,YR2014,1183060.00087596
1045,IDA,YR2015,1195449.99931194
1046,IDA,YR2016,1218710.00630595
1047,IDA,YR2017,1238459.99339409
1048,IDA,YR2018,1266300.00747181
1049,IDA,YR2019,1287829.99877073
1050,IDB,YR2010,371470.003567636
1051,IDB,YR2011,382670.005753637
1052,IDB,YR2012,386480.001166463
1053,IDB,YR2013,390179.99906838
1054,IDB,YR2014,394209.997251629
1055,IDB,YR2015,400320.002630353
1056,IDB,YR2016,411730.00677675
1057,IDB,YR2017,418569.989815354
1058,IDB,YR2018,433069.997921586
1059,IDB,YR2019,445609.990999103
1060,IDN,YR2010,270500.0
1061,IDN,YR2011,268549.987792969
1062,IDN,YR2012,264500.0
1063,IDN,YR2013,264880.004882813
1064,IDN,YR2014,270910.003662109
1065,IDN,YR2015,271359.985351563
1066,IDN,YR2016,273529.998779297
1067,IDN,YR2017,278410.003662109
1068,IDN,YR2018,279690.002441406
1069,IDN,YR2019,280950.012207031
1070,IDX,YR2010,779980.004189536
1071,IDX,YR2011,783149.996871129
1072,IDX,YR2012,765839.995952323
1073,IDX,YR2013,778699.998186901
1074,IDX,YR2014,788850.003624335
1075,IDX,YR2015,795129.996681586
1076,IDX,YR2016,806979.999529198
1077,IDX,YR2017,819890.003578737
1078,IDX,YR2018,833230.009550229
1079,IDX,YR2019,842220.007771626
1080,IMN,YR2010,
1081,IMN,YR2011,
1082,IMN,YR2012,
1083,IMN,YR2013,
1084,IMN,YR2014,
1085,IMN,YR2015,
1086,IMN,YR2016,
1087,IMN,YR2017,
1088,IMN,YR2018,
1089,IMN,YR2019,
1090,IND,YR2010,623369.995117188
1091,IND,YR2011,629590.026855469
1092,IND,YR2012,628099.975585938
1093,IND,YR2013,632020.01953125
1094,IND,YR2014,634940.002441406
1095,IND,YR2015,638820.007324219
1096,IND,YR2016,643010.009765625
1097,IND,YR2017,647380.004882813
1098,IND,YR2018,654320.007324219
1099,IND,YR2019,656650.024414063
1100,INX,YR2010,
1101,INX,YR2011,
1102,INX,YR2012,
1103,INX,YR2013,
1104,INX,YR2014,
1105,INX,YR2015,
1106,INX,YR2016,
1107,INX,YR2017,
1108,INX,YR2018,
1109,INX,YR2019,
1110,IRL,YR2010,14420.0000762939
1111,IRL,YR2011,14430.0003051758
1112,IRL,YR2012,14869.9998855591
1113,IRL,YR2013,15270.0004577637
1114,IRL,YR2014,15619.9998855591
1115,IRL,YR2015,15899.9996185303
1116,IRL,YR2016,16530.0006866455
1117,IRL,YR2017,16799.9992370605
1118,IRL,YR2018,15430.0003051758
1119,IRL,YR2019,15460.000038147
1120,IRN,YR2010,198199.996948242
1121,IRN,YR2011,200949.996948242
1122,IRN,YR2012,192289.993286133
1123,IRN,YR2013,188199.996948242
1124,IRN,YR2014,195190.002441406
1125,IRN,YR2015,200589.996337891
1126,IRN,YR2016,227820.007324219
1127,IRN,YR2017,239500.0
1128,IRN,YR2018,239789.993286133
1129,IRN,YR2019,213679.992675781
1130,IRQ,YR2010,73569.9996948242
1131,IRQ,YR2011,81750.0
1132,IRQ,YR2012,91300.0030517578
1133,IRQ,YR2013,94419.9981689453
1134,IRQ,YR2014,99790.0009155273
1135,IRQ,YR2015,113169.998168945
1136,IRQ,YR2016,126139.999389648
1137,IRQ,YR2017,127949.996948242
1138,IRQ,YR2018,130220.001220703
1139,IRQ,YR2019,134690.002441406
1140,ISL,YR2010,600.000023841858
1141,ISL,YR2011,569.999992847443
1142,ISL,YR2012,540.000021457672
1143,ISL,YR2013,540.000021457672
1144,ISL,YR2014,560.000002384186
1145,ISL,YR2015,560.000002384186
1146,ISL,YR2016,550.000011920929
1147,ISL,YR2017,540.000021457672
1148,ISL,YR2018,540.000021457672
1149,ISL,YR2019,529.999971389771
1150,ISR,YR2010,7880.00011444092
1151,ISR,YR2011,8069.99969482422
1152,ISR,YR2012,8060.0004196167
1153,ISR,YR2013,8510.00022888184
1154,ISR,YR2014,8739.99977111816
1155,ISR,YR2015,8989.99977111816
1156,ISR,YR2016,9220.00026702881
1157,ISR,YR2017,9430.00030517578
1158,ISR,YR2018,9600.00038146973
1159,ISR,YR2019,9739.99977111816
1160,ITA,YR2010,48990.0016784668
1161,ITA,YR2011,46580.0018310547
1162,ITA,YR2012,47270.0004577637
1163,ITA,YR2013,45130.0010681152
1164,ITA,YR2014,44069.9996948242
1165,ITA,YR2015,44849.9984741211
1166,ITA,YR2016,44720.0012207031
1167,ITA,YR2017,44849.9984741211
1168,ITA,YR2018,44580.0018310547
1169,ITA,YR2019,44349.9984741211
1170,JAM,YR2010,810.000002384186
1171,JAM,YR2011,819.999992847443
1172,JAM,YR2012,829.999983310699
1173,JAM,YR2013,829.999983310699
1174,JAM,YR2014,829.999983310699
1175,JAM,YR2015,819.999992847443
1176,JAM,YR2016,800.000011920929
1177,JAM,YR2017,790.000021457672
1178,JAM,YR2018,790.000021457672
1179,JAM,YR2019,790.000021457672
1180,JOR,YR2010,4989.99977111816
1181,JOR,YR2011,4980.00001907349
1182,JOR,YR2012,5110.0001335144
1183,JOR,YR2013,5309.99994277954
1184,JOR,YR2014,5440.00005722046
1185,JOR,YR2015,5800.00019073486
1186,JOR,YR2016,6239.99977111816
1187,JOR,YR2017,6389.9998664856
1188,JOR,YR2018,6559.99994277954
1189,JOR,YR2019,6710.00003814697
1190,JPN,YR2010,30520.0004577637
1191,JPN,YR2011,30590.0001525879
1192,JPN,YR2012,30500.0
1193,JPN,YR2013,30219.9993133545
1194,JPN,YR2014,29659.9998474121
1195,JPN,YR2015,28850.0003814697
1196,JPN,YR2016,28549.9992370605
1197,JPN,YR2017,28389.9993896484
1198,JPN,YR2018,27920.0000762939
1199,JPN,YR2019,27379.9991607666
1200,KAZ,YR2010,48590.0001525879
1201,KAZ,YR2011,48680.0003051758
1202,KAZ,YR2012,47580.0018310547
1203,KAZ,YR2013,47310.001373291
1204,KAZ,YR2014,48180.0003051758
1205,KAZ,YR2015,47349.9984741211
1206,KAZ,YR2016,45950.0007629395
1207,KAZ,YR2017,50650.0015258789
1208,KAZ,YR2018,49509.9983215332
1209,KAZ,YR2019,48889.9993896484
1210,KEN,YR2010,29370.0008392334
1211,KEN,YR2011,30129.9991607666
1212,KEN,YR2012,29959.9990844727
1213,KEN,YR2013,29489.9997711182
1214,KEN,YR2014,29950.0007629395
1215,KEN,YR2015,30440.0005340576
1216,KEN,YR2016,32959.9990844727
1217,KEN,YR2017,30860.0006103516
1218,KEN,YR2018,32040.0009155273
1219,KEN,YR2019,36840.0001525879
1220,KGZ,YR2010,3890.00010490417
1221,KGZ,YR2011,3980.00001907349
1222,KGZ,YR2012,4070.00017166138
1223,KGZ,YR2013,4170.00007629395
1224,KGZ,YR2014,4360.0001335144
1225,KGZ,YR2015,4369.99988555908
1226,KGZ,YR2016,4480.00001907349
1227,KGZ,YR2017,4579.99992370605
1228,KGZ,YR2018,4719.99979019165
1229,KGZ,YR2019,4800.00019073486
1230,KHM,YR2010,18190.0005340576
1231,KHM,YR2011,18959.9990844727
1232,KHM,YR2012,18409.9998474121
1233,KHM,YR2013,18270.0004577637
1234,KHM,YR2014,17770.0004577637
1235,KHM,YR2015,17659.9998474121
1236,KHM,YR2016,18129.9991607666
1237,KHM,YR2017,18579.9999237061
1238,KHM,YR2018,18469.9993133545
1239,KHM,YR2019,18200.0007629395
1240,KIR,YR2010,19.9999995529652
1241,KIR,YR2011,19.9999995529652
1242,KIR,YR2012,19.9999995529652
1243,KIR,YR2013,19.9999995529652
1244,KIR,YR2014,19.9999995529652
1245,KIR,YR2015,19.9999995529652
1246,KIR,YR2016,19.9999995529652
1247,KIR,YR2017,19.9999995529652
1248,KIR,YR2018,19.9999995529652
1249,KIR,YR2019,19.9999995529652
1250,KNA,YR2010,79.9999982118607
1251,KNA,YR2011,79.9999982118607
1252,KNA,YR2012,79.9999982118607
1253,KNA,YR2013,79.9999982118607
1254,KNA,YR2014,79.9999982118607
1255,KNA,YR2015,79.9999982118607
1256,KNA,YR2016,79.9999982118607
1257,KNA,YR2017,79.9999982118607
1258,KNA,YR2018,79.9999982118607
1259,KNA,YR2019,79.9999982118607
1260,KOR,YR2010,24270.0004577637
1261,KOR,YR2011,23920.0000762939
1262,KOR,YR2012,23959.9990844727
1263,KOR,YR2013,23780.0006866455
1264,KOR,YR2014,23459.9990844727
1265,KOR,YR2015,23219.9993133545
1266,KOR,YR2016,22920.0000762939
1267,KOR,YR2017,22829.9999237061
1268,KOR,YR2018,22840.0001525879
1269,KOR,YR2019,22700.0007629395
1270,KWT,YR2010,20139.9993896484
1271,KWT,YR2011,22049.9992370605
1272,KWT,YR2012,23360.0006103516
1273,KWT,YR2013,24329.9999237061
1274,KWT,YR2014,24149.9996185303
1275,KWT,YR2015,24319.9996948242
1276,KWT,YR2016,25860.0006103516
1277,KWT,YR2017,24379.9991607666
1278,KWT,YR2018,24780.0006866455
1279,KWT,YR2019,24709.9990844727
1280,LAC,YR2010,903590.008422732
1281,LAC,YR2011,906230.014488101
1282,LAC,YR2012,912940.005227924
1283,LAC,YR2013,909509.990021587
1284,LAC,YR2014,927610.006466508
1285,LAC,YR2015,941369.999423623
1286,LAC,YR2016,946810.003891588
1287,LAC,YR2017,948070.017531515
1288,LAC,YR2018,946619.986847042
1289,LAC,YR2019,961080.009534956
1290,LAO,YR2010,6949.99980926514
1291,LAO,YR2011,6719.99979019165
1292,LAO,YR2012,7260.00022888184
1293,LAO,YR2013,7239.99977111816
1294,LAO,YR2014,7400.00009536743
1295,LAO,YR2015,7590.00015258789
1296,LAO,YR2016,7849.99990463257
1297,LAO,YR2017,7820.00017166138
1298,LAO,YR2018,7610.0001335144
1299,LAO,YR2019,7559.99994277954
1300,LBN,YR2010,2769.99998092651
1301,LBN,YR2011,2849.99990463257
1302,LBN,YR2012,2920.00007629395
1303,LBN,YR2013,2980.00001907349
1304,LBN,YR2014,3049.99995231628
1305,LBN,YR2015,3099.99990463257
1306,LBN,YR2016,3180.0000667572
1307,LBN,YR2017,3259.99999046326
1308,LBN,YR2018,3339.99991416931
1309,LBN,YR2019,3410.00008583069
1310,LBR,YR2010,300.000011920929
1311,LBR,YR2011,300.000011920929
1312,LBR,YR2012,310.000002384186
1313,LBR,YR2013,300.000011920929
1314,LBR,YR2014,330.000013113022
1315,LBR,YR2015,400.000005960464
1316,LBR,YR2016,349.999994039536
1317,LBR,YR2017,330.000013113022
1318,LBR,YR2018,340.000003576279
1319,LBR,YR2019,370.000004768372
1320,LBY,YR2010,74209.9990844727
1321,LBY,YR2011,29850.0003814697
1322,LBY,YR2012,70809.9975585938
1323,LBY,YR2013,51810.001373291
1324,LBY,YR2014,34529.9987792969
1325,LBY,YR2015,33720.0012207031
1326,LBY,YR2016,33830.0018310547
1327,LBY,YR2017,51330.0018310547
1328,LBY,YR2018,58799.9992370605
1329,LBY,YR2019,63349.9984741211
1330,LCA,YR2010,250.0
1331,LCA,YR2011,250.0
1332,LCA,YR2012,250.0
1333,LCA,YR2013,250.0
1334,LCA,YR2014,259.999990463257
1335,LCA,YR2015,259.999990463257
1336,LCA,YR2016,259.999990463257
1337,LCA,YR2017,270.000010728836
1338,LCA,YR2018,270.000010728836
1339,LCA,YR2019,270.000010728836
1340,LCN,YR2010,1128490.00275135
1341,LCN,YR2011,1133130.01312315
1342,LCN,YR2012,1153600.00003874
1343,LCN,YR2013,1151769.99117434
1344,LCN,YR2014,1167710.00157297
1345,LCN,YR2015,1174510.00070572
1346,LCN,YR2016,1169870.01073361
1347,LCN,YR2017,1152010.0197345
1348,LCN,YR2018,1131919.98463869
1349,LCN,YR2019,1127470.00749409
1350,LDC,YR2010,745790.006779134
1351,LDC,YR2011,749469.995237887
1352,LDC,YR2012,740689.997382462
1353,LDC,YR2013,757769.996427
1354,LDC,YR2014,767890.005104244
1355,LDC,YR2015,775999.997906387
1356,LDC,YR2016,787680.000312626
1357,LDC,YR2017,798970.001615584
1358,LDC,YR2018,808920.009739697
1359,LDC,YR2019,816670.00747472
1360,LIC,YR2010,495740.000247955
1361,LIC,YR2011,495650.002777577
1362,LIC,YR2012,477209.996759892
1363,LIC,YR2013,483919.998586178
1364,LIC,YR2014,491010.004729033
1365,LIC,YR2015,491609.997540712
1366,LIC,YR2016,499809.996336699
1367,LIC,YR2017,507590.005367994
1368,LIC,YR2018,517680.004566908
1369,LIC,YR2019,522680.003046989
1370,LIE,YR2010,0.0
1371,LIE,YR2011,0.0
1372,LIE,YR2012,0.0
1373,LIE,YR2013,0.0
1374,LIE,YR2014,0.0
1375,LIE,YR2015,0.0
1376,LIE,YR2016,0.0
1377,LIE,YR2017,0.0
1378,LIE,YR2018,0.0
1379,LIE,YR2019,0.0
1380,LKA,YR2010,8600.00038146973
1381,LKA,YR2011,8680.00030517578
1382,LKA,YR2012,8939.9995803833
1383,LKA,YR2013,8930.00030517578
1384,LKA,YR2014,8000.0
1385,LKA,YR2015,8949.99980926514
1386,LKA,YR2016,8470.00026702881
1387,LKA,YR2017,7590.00015258789
1388,LKA,YR2018,8430.00030517578
1389,LKA,YR2019,8220.00026702881
1390,LMC,YR2010,2192769.9978333
1391,LMC,YR2011,2217130.01685031
1392,LMC,YR2012,2217789.97422941
1393,LMC,YR2013,2229670.0160224
1394,LMC,YR2014,2256970.01186199
1395,LMC,YR2015,2279319.98655386
1396,LMC,YR2016,2332710.02840437
1397,LMC,YR2017,2369629.99691255
1398,LMC,YR2018,2395840.01575597
1399,LMC,YR2019,2392640.0274802
1400,LMY,YR2010,5800420.03134825
1401,LMY,YR2011,5865780.05489521
1402,LMY,YR2012,5904980.03656231
1403,LMY,YR2013,5930460.04273556
1404,LMY,YR2014,5985320.02553158
1405,LMY,YR2015,6030909.96226482
1406,LMY,YR2016,6086739.99208025
1407,LMY,YR2017,6185690.03098272
1408,LMY,YR2018,6287689.95788507
1409,LMY,YR2019,6342990.04709535
1410,LSO,YR2010,1090.0000333786
1411,LSO,YR2011,1110.00001430511
1412,LSO,YR2012,1120.00000476837
1413,LSO,YR2013,1049.99995231628
1414,LSO,YR2014,1029.99997138977
1415,LSO,YR2015,1019.99998092651
1416,LSO,YR2016,1000.0
1417,LSO,YR2017,1090.0000333786
1418,LSO,YR2018,1070.00005245209
1419,LSO,YR2019,1039.99996185303
1420,LTE,YR2010,2721400.03307909
1421,LTE,YR2011,2783270.02904565
1422,LTE,YR2012,2791010.07270068
1423,LTE,YR2013,2823020.02679557
1424,LTE,YR2014,2841190.01983851
1425,LTE,YR2015,2852019.97279376
1426,LTE,YR2016,2834079.97243851
1427,LTE,YR2017,2863060.02593786
1428,LTE,YR2018,2917739.95196074
1429,LTE,YR2019,2957550.01274497
1430,LTU,YR2010,3880.00011444092
1431,LTU,YR2011,3720.00002861023
1432,LTU,YR2012,3690.00005722046
1433,LTU,YR2013,3579.99992370605
1434,LTU,YR2014,3480.00001907349
1435,LTU,YR2015,3450.00004768372
1436,LTU,YR2016,3349.99990463257
1437,LTU,YR2017,3269.99998092651
1438,LTU,YR2018,3119.99988555908
1439,LTU,YR2019,3029.99997138977
1440,LUX,YR2010,579.999983310699
1441,LUX,YR2011,560.000002384186
1442,LUX,YR2012,550.000011920929
1443,LUX,YR2013,560.000002384186
1444,LUX,YR2014,560.000002384186
1445,LUX,YR2015,560.000002384186
1446,LUX,YR2016,560.000002384186
1447,LUX,YR2017,569.999992847443
1448,LUX,YR2018,560.000002384186
1449,LUX,YR2019,560.000002384186
1450,LVA,YR2010,2059.99994277954
1451,LVA,YR2011,2000.0
1452,LVA,YR2012,2059.99994277954
1453,LVA,YR2013,2069.9999332428
1454,LVA,YR2014,2119.99988555908
1455,LVA,YR2015,2039.99996185303
1456,LVA,YR2016,2049.99995231628
1457,LVA,YR2017,2049.99995231628
1458,LVA,YR2018,2000.0
1459,LVA,YR2019,1980.00001907349
1460,MAC,YR2010,
1461,MAC,YR2011,
1462,MAC,YR2012,
1463,MAC,YR2013,
1464,MAC,YR2014,
1465,MAC,YR2015,
1466,MAC,YR2016,
1467,MAC,YR2017,
1468,MAC,YR2018,
1469,MAC,YR2019,
1470,MAF,YR2010,
1471,MAF,YR2011,
1472,MAF,YR2012,
1473,MAF,YR2013,
1474,MAF,YR2014,
1475,MAF,YR2015,
1476,MAF,YR2016,
1477,MAF,YR2017,
1478,MAF,YR2018,
1479,MAF,YR2019,
1480,MAR,YR2010,10609.9996566772
1481,MAR,YR2011,11010.0002288818
1482,MAR,YR2012,11100.0003814697
1483,MAR,YR2013,11289.999961853
1484,MAR,YR2014,11479.9995422363
1485,MAR,YR2015,11550.0001907349
1486,MAR,YR2016,11670.0000762939
1487,MAR,YR2017,11770.0004577637
1488,MAR,YR2018,11970.0002670288
1489,MAR,YR2019,12159.9998474121
1490,MCO,YR2010,
1491,MCO,YR2011,
1492,MCO,YR2012,
1493,MCO,YR2013,
1494,MCO,YR2014,
1495,MCO,YR2015,
1496,MCO,YR2016,
1497,MCO,YR2017,
1498,MCO,YR2018,
1499,MCO,YR2019,
1500,MDA,YR2010,3410.00008583069
1501,MDA,YR2011,3450.00004768372
1502,MDA,YR2012,3440.00005722046
1503,MDA,YR2013,3430.0000667572
1504,MDA,YR2014,3470.00002861023
1505,MDA,YR2015,3470.00002861023
1506,MDA,YR2016,3460.00003814697
1507,MDA,YR2017,3490.00000953674
1508,MDA,YR2018,3450.00004768372
1509,MDA,YR2019,3339.99991416931
1510,MDG,YR2010,17579.9999237061
1511,MDG,YR2011,17000.0
1512,MDG,YR2012,17459.9990844727
1513,MDG,YR2013,16069.9996948242
1514,MDG,YR2014,16170.0000762939
1515,MDG,YR2015,15829.9999237061
1516,MDG,YR2016,16540.0009155273
1517,MDG,YR2017,15689.9995803833
1518,MDG,YR2018,16000.0
1519,MDG,YR2019,15949.9998092651
1520,MDV,YR2010,90.0000035762787
1521,MDV,YR2011,90.0000035762787
1522,MDV,YR2012,100.000001490116
1523,MDV,YR2013,100.000001490116
1524,MDV,YR2014,109.999999403954
1525,MDV,YR2015,109.999999403954
1526,MDV,YR2016,119.999997317791
1527,MDV,YR2017,119.999997317791
1528,MDV,YR2018,129.999995231628
1529,MDV,YR2019,129.999995231628
1530,MEA,YR2010,778849.993556738
1531,MEA,YR2011,759969.994619488
1532,MEA,YR2012,805949.997499586
1533,MEA,YR2013,786699.9912858
1534,MEA,YR2014,785030.0026685
1535,MEA,YR2015,800429.992988706
1536,MEA,YR2016,853260.010570288
1537,MEA,YR2017,885040.001243353
1538,MEA,YR2018,902580.000728369
1539,MEA,YR2019,890469.986110925
1540,MEX,YR2010,125169.998168945
1541,MEX,YR2011,127940.002441406
1542,MEX,YR2012,127459.999084473
1543,MEX,YR2013,121279.998779297
1544,MEX,YR2014,129869.995117188
1545,MEX,YR2015,137470.001220703
1546,MEX,YR2016,137740.005493164
1547,MEX,YR2017,136020.004272461
1548,MEX,YR2018,137679.992675781
1549,MEX,YR2019,138800.003051758
1550,MHL,YR2010,29.9999993294477
1551,MHL,YR2011,29.9999993294477
1552,MHL,YR2012,29.9999993294477
1553,MHL,YR2013,29.9999993294477
1554,MHL,YR2014,29.9999993294477
1555,MHL,YR2015,29.9999993294477
1556,MHL,YR2016,29.9999993294477
1557,MHL,YR2017,29.9999993294477
1558,MHL,YR2018,29.9999993294477
1559,MHL,YR2019,29.9999993294477
1560,MIC,YR2010,5304680.03110029
1561,MIC,YR2011,5370130.05211764
1562,MIC,YR2012,5427770.03980242
1563,MIC,YR2013,5446540.04414938
1564,MIC,YR2014,5494310.02080254
1565,MIC,YR2015,5539299.96472411
1566,MIC,YR2016,5586929.99574356
1567,MIC,YR2017,5678100.02561472
1568,MIC,YR2018,5770009.95331816
1569,MIC,YR2019,5820310.04404836
1570,MKD,YR2010,2289.99996185303
1571,MKD,YR2011,2329.99992370605
1572,MKD,YR2012,2299.99995231628
1573,MKD,YR2013,2309.99994277954
1574,MKD,YR2014,2339.99991416931
1575,MKD,YR2015,2390.00010490417
1576,MKD,YR2016,2410.00008583069
1577,MKD,YR2017,2450.00004768372
1578,MKD,YR2018,2440.00005722046
1579,MKD,YR2019,2349.99990463257
1580,MLI,YR2010,17020.0004577637
1581,MLI,YR2011,17319.9996948242
1582,MLI,YR2012,17719.9993133545
1583,MLI,YR2013,18309.9994659424
1584,MLI,YR2014,18510.0002288818
1585,MLI,YR2015,19139.9993896484
1586,MLI,YR2016,20959.9990844727
1587,MLI,YR2017,21430.0003051758
1588,MLI,YR2018,22200.0007629395
1589,MLI,YR2019,22959.9990844727
1590,MLT,YR2010,219.999998807907
1591,MLT,YR2011,200.000002980232
1592,MLT,YR2012,200.000002980232
1593,MLT,YR2013,189.999997615814
1594,MLT,YR2014,200.000002980232
1595,MLT,YR2015,209.999993443489
1596,MLT,YR2016,219.999998807907
1597,MLT,YR2017,219.999998807907
1598,MLT,YR2018,219.999998807907
1599,MLT,YR2019,219.999998807907
1600,MMR,YR2010,65150.0015258789
1601,MMR,YR2011,63279.9987792969
1602,MMR,YR2012,63290.0009155273
1603,MMR,YR2013,64069.9996948242
1604,MMR,YR2014,65080.0018310547
1605,MMR,YR2015,66529.9987792969
1606,MMR,YR2016,67620.002746582
1607,MMR,YR2017,69769.9966430664
1608,MMR,YR2018,72160.0036621094
1609,MMR,YR2019,73050.0030517578
1610,MNA,YR2010,577409.994244575
1611,MNA,YR2011,542099.999308586
1612,MNA,YR2012,579239.997267723
1613,MNA,YR2013,554249.995827675
1614,MNA,YR2014,551400.004267692
1615,MNA,YR2015,559549.993872643
1616,MNA,YR2016,602610.007405281
1617,MNA,YR2017,637510.001778602
1618,MNA,YR2018,649649.997830391
1619,MNA,YR2019,636649.987637996
1620,MNE,YR2010,850.000023841858
1621,MNE,YR2011,810.000002384186
1622,MNE,YR2012,819.999992847443
1623,MNE,YR2013,810.000002384186
1624,MNE,YR2014,819.999992847443
1625,MNE,YR2015,829.999983310699
1626,MNE,YR2016,819.999992847443
1627,MNE,YR2017,810.000002384186
1628,MNE,YR2018,800.000011920929
1629,MNE,YR2019,779.999971389771
1630,MNG,YR2010,8939.9995803833
1631,MNG,YR2011,10260.0002288818
1632,MNG,YR2012,11520.0004577637
1633,MNG,YR2013,12399.9996185303
1634,MNG,YR2014,14170.0000762939
1635,MNG,YR2015,15750.0
1636,MNG,YR2016,16790.0009155273
1637,MNG,YR2017,17709.9990844727
1638,MNG,YR2018,17629.9991607666
1639,MNG,YR2019,18790.0009155273
1640,MNP,YR2010,
1641,MNP,YR2011,
1642,MNP,YR2012,
1643,MNP,YR2013,
1644,MNP,YR2014,
1645,MNP,YR2015,
1646,MNP,YR2016,
1647,MNP,YR2017,
1648,MNP,YR2018,
1649,MNP,YR2019,
1650,MOZ,YR2010,13970.0002670288
1651,MOZ,YR2011,14050.0001907349
1652,MOZ,YR2012,15180.0003051758
1653,MOZ,YR2013,15960.000038147
1654,MOZ,YR2014,16159.9998474121
1655,MOZ,YR2015,15680.0003051758
1656,MOZ,YR2016,15350.0003814697
1657,MOZ,YR2017,16030.0006866455
1658,MOZ,YR2018,18500.0
1659,MOZ,YR2019,17540.0009155273
1660,MRT,YR2010,5710.00003814697
1661,MRT,YR2011,5769.99998092651
1662,MRT,YR2012,5929.99982833862
1663,MRT,YR2013,6079.99992370605
1664,MRT,YR2014,6289.99996185303
1665,MRT,YR2015,6389.9998664856
1666,MRT,YR2016,6610.0001335144
1667,MRT,YR2017,6639.9998664856
1668,MRT,YR2018,6849.99990463257
1669,MRT,YR2019,7010.00022888184
1670,MUS,YR2010,1700.00004768372
1671,MUS,YR2011,1730.00001907349
1672,MUS,YR2012,1769.99998092651
1673,MUS,YR2013,1799.99995231628
1674,MUS,YR2014,1830.00004291534
1675,MUS,YR2015,1860.00001430511
1676,MUS,YR2016,1879.99999523163
1677,MUS,YR2017,1899.99997615814
1678,MUS,YR2018,1929.99994754791
1679,MUS,YR2019,1950.00004768372
1680,MWI,YR2010,2380.00011444092
1681,MWI,YR2011,2490.00000953674
1682,MWI,YR2012,2650.00009536743
1683,MWI,YR2013,2769.99998092651
1684,MWI,YR2014,2900.00009536743
1685,MWI,YR2015,3099.99990463257
1686,MWI,YR2016,3269.99998092651
1687,MWI,YR2017,3380.00011444092
1688,MWI,YR2018,3769.99998092651
1689,MWI,YR2019,3950.00004768372
1690,MYS,YR2010,31790.0009155273
1691,MYS,YR2011,31959.9990844727
1692,MYS,YR2012,32759.9983215332
1693,MYS,YR2013,34549.9992370605
1694,MYS,YR2014,35470.0012207031
1695,MYS,YR2015,36250.0
1696,MYS,YR2016,36240.0016784668
1697,MYS,YR2017,35990.0016784668
1698,MYS,YR2018,36479.9995422363
1699,MYS,YR2019,36810.001373291
1700,NAC,YR2010,713299.987792969
1701,NAC,YR2011,719340.01159668
1702,NAC,YR2012,730729.972839355
1703,NAC,YR2013,735979.98046875
1704,NAC,YR2014,761649.971008301
1705,NAC,YR2015,762699.989318848
1706,NAC,YR2016,746799.97253418
1707,NAC,YR2017,767050.018310547
1708,NAC,YR2018,811130.027770997
1709,NAC,YR2019,846210.006713867
1710,NAM,YR2010,5300.00019073486
1711,NAM,YR2011,7570.00017166138
1712,NAM,YR2012,8289.99996185303
1713,NAM,YR2013,4829.99992370605
1714,NAM,YR2014,4449.99980926514
1715,NAM,YR2015,4329.99992370605
1716,NAM,YR2016,4690.00005722046
1717,NAM,YR2017,4659.99984741211
1718,NAM,YR2018,4239.99977111816
1719,NAM,YR2019,3789.99996185303
1720,NCL,YR2010,
1721,NCL,YR2011,
1722,NCL,YR2012,
1723,NCL,YR2013,
1724,NCL,YR2014,
1725,NCL,YR2015,
1726,NCL,YR2016,
1727,NCL,YR2017,
1728,NCL,YR2018,
1729,NCL,YR2019,
1730,NER,YR2010,18090.0001525879
1731,NER,YR2011,18809.9994659424
1732,NER,YR2012,19750.0
1733,NER,YR2013,20989.9997711182
1734,NER,YR2014,21940.0005340576
1735,NER,YR2015,22760.0002288818
1736,NER,YR2016,23840.0001525879
1737,NER,YR2017,24920.0000762939
1738,NER,YR2018,26100.0003814697
1739,NER,YR2019,27260.0002288818
1740,NGA,YR2010,119400.001525879
1741,NGA,YR2011,122860.000610352
1742,NGA,YR2012,123809.997558594
1743,NGA,YR2013,122569.999694824
1744,NGA,YR2014,124010.00213623
1745,NGA,YR2015,124040.000915527
1746,NGA,YR2016,127370.002746582
1747,NGA,YR2017,131479.995727539
1748,NGA,YR2018,134240.005493164
1749,NGA,YR2019,135839.996337891
1750,NIC,YR2010,7210.00003814697
1751,NIC,YR2011,7809.99994277954
1752,NIC,YR2012,8079.99992370605
1753,NIC,YR2013,8470.00026702881
1754,NIC,YR2014,8840.00015258789
1755,NIC,YR2015,9149.99961853027
1756,NIC,YR2016,9119.99988555908
1757,NIC,YR2017,8850.00038146973
1758,NIC,YR2018,9210.00003814697
1759,NIC,YR2019,9420.00007629395
1760,NLD,YR2010,17989.9997711182
1761,NLD,YR2011,17479.9995422363
1762,NLD,YR2012,17190.0005340576
1763,NLD,YR2013,17270.0004577637
1764,NLD,YR2014,17270.0004577637
1765,NLD,YR2015,17500.0
1766,NLD,YR2016,17440.0005340576
1767,NLD,YR2017,16590.0001525879
1768,NLD,YR2018,15529.9997329712
1769,NLD,YR2019,15539.999961853
1770,NOR,YR2010,5119.99988555908
1771,NOR,YR2011,5010.00022888184
1772,NOR,YR2012,4949.99980926514
1773,NOR,YR2013,4829.99992370605
1774,NOR,YR2014,4750.0
1775,NOR,YR2015,4760.00022888184
1776,NOR,YR2016,4760.00022888184
1777,NOR,YR2017,4719.99979019165
1778,NOR,YR2018,4610.0001335144
1779,NOR,YR2019,4539.99996185303
1780,NPL,YR2010,21600.0003814697
1781,NPL,YR2011,22030.0006866455
1782,NPL,YR2012,22200.0007629395
1783,NPL,YR2013,22459.9990844727
1784,NPL,YR2014,22629.9991607666
1785,NPL,YR2015,22489.9997711182
1786,NPL,YR2016,22569.9996948242
1787,NPL,YR2017,23170.0000762939
1788,NPL,YR2018,23260.0002288818
1789,NPL,YR2019,23549.9992370605
1790,NRU,YR2010,0.0
1791,NRU,YR2011,0.0
1792,NRU,YR2012,0.0
1793,NRU,YR2013,0.0
1794,NRU,YR2014,0.0
1795,NRU,YR2015,0.0
1796,NRU,YR2016,0.0
1797,NRU,YR2017,0.0
1798,NRU,YR2018,0.0
1799,NRU,YR2019,0.0
1800,NZL,YR2010,33430.0003051758
1801,NZL,YR2011,33380.0010681152
1802,NZL,YR2012,33869.9989318848
1803,NZL,YR2013,33689.998626709
1804,NZL,YR2014,33979.9995422363
1805,NZL,YR2015,33099.9984741211
1806,NZL,YR2016,33080.0018310547
1807,NZL,YR2017,32860.0006103516
1808,NZL,YR2018,32709.9990844727
1809,NZL,YR2019,32520.0004577637
1810,OED,YR2010,1629199.99200106
1811,OED,YR2011,1673940.01507759
1812,OED,YR2012,1678399.96409416
1813,OED,YR2013,1629999.97997284
1814,OED,YR2014,1668969.96152401
1815,OED,YR2015,1667929.99529839
1816,OED,YR2016,1636939.97836113
1817,OED,YR2017,1678230.02386093
1818,OED,YR2018,1720980.02696037
1819,OED,YR2019,1742420.00335455
1820,OMN,YR2010,14949.9998092651
1821,OMN,YR2011,15609.9996566772
1822,OMN,YR2012,16680.0003051758
1823,OMN,YR2013,17879.9991607666
1824,OMN,YR2014,17889.9993896484
1825,OMN,YR2015,18379.9991607666
1826,OMN,YR2016,19370.0008392334
1827,OMN,YR2017,19000.0
1828,OMN,YR2018,20190.0005340576
1829,OMN,YR2019,20239.9997711182
1830,OSS,YR2010,78099.9998617917
1831,OSS,YR2011,83599.9997351319
1832,OSS,YR2012,79780.0000030548
1833,OSS,YR2013,76579.99929972
1834,OSS,YR2014,77520.0005117804
1835,OSS,YR2015,76980.0006691367
1836,OSS,YR2016,76789.9994049221
1837,OSS,YR2017,77370.0001556427
1838,OSS,YR2018,75609.999069944
1839,OSS,YR2019,74820.0007472188
1840,PAK,YR2010,125459.999084473
1841,PAK,YR2011,131570.007324219
1842,PAK,YR2012,134240.005493164
1843,PAK,YR2013,139559.997558594
1844,PAK,YR2014,143399.993896484
1845,PAK,YR2015,146050.003051758
1846,PAK,YR2016,149350.006103516
1847,PAK,YR2017,153179.992675781
1848,PAK,YR2018,157679.992675781
1849,PAK,YR2019,162759.994506836
1850,PAN,YR2010,4440.00005722046
1851,PAN,YR2011,4639.9998664856
1852,PAN,YR2012,4719.99979019165
1853,PAN,YR2013,4789.99996185303
1854,PAN,YR2014,4730.00001907349
1855,PAN,YR2015,4699.99980926514
1856,PAN,YR2016,4789.99996185303
1857,PAN,YR2017,4820.00017166138
1858,PAN,YR2018,4949.99980926514
1859,PAN,YR2019,4960.00003814697
1860,PER,YR2010,30010.0002288818
1861,PER,YR2011,30790.0009155273
1862,PER,YR2012,31149.9996185303
1863,PER,YR2013,31340.0001525879
1864,PER,YR2014,31719.9993133545
1865,PER,YR2015,31729.9995422363
1866,PER,YR2016,32169.9981689453
1867,PER,YR2017,31979.9995422363
1868,PER,YR2018,32259.9983215332
1869,PER,YR2019,32509.9983215332
1870,PHL,YR2010,60889.9993896484
1871,PHL,YR2011,62130.0010681152
1872,PHL,YR2012,63340.0001525879
1873,PHL,YR2013,63950.0007629395
1874,PHL,YR2014,64150.0015258789
1875,PHL,YR2015,63669.9981689453
1876,PHL,YR2016,63259.9983215332
1877,PHL,YR2017,65580.0018310547
1878,PHL,YR2018,65790.0009155273
1879,PHL,YR2019,64730.0033569336
1880,PLW,YR2010,19.9999995529652
1881,PLW,YR2011,19.9999995529652
1882,PLW,YR2012,19.9999995529652
1883,PLW,YR2013,19.9999995529652
1884,PLW,YR2014,19.9999995529652
1885,PLW,YR2015,19.9999995529652
1886,PLW,YR2016,19.9999995529652
1887,PLW,YR2017,19.9999995529652
1888,PLW,YR2018,19.9999995529652
1889,PLW,YR2019,19.9999995529652
1890,PNG,YR2010,6199.99980926514
1891,PNG,YR2011,7090.00015258789
1892,PNG,YR2012,8010.00022888184
1893,PNG,YR2013,8880.00011444092
1894,PNG,YR2014,9840.00015258789
1895,PNG,YR2015,10789.999961853
1896,PNG,YR2016,10720.0002670288
1897,PNG,YR2017,10779.9997329712
1898,PNG,YR2018,10899.9996185303
1899,PNG,YR2019,10859.9996566772
1900,POL,YR2010,32970.0012207031
1901,POL,YR2011,31889.9993896484
1902,POL,YR2012,31389.9993896484
1903,POL,YR2013,31120.0008392334
1904,POL,YR2014,30389.9993896484
1905,POL,YR2015,29989.9997711182
1906,POL,YR2016,29170.0000762939
1907,POL,YR2017,29530.0006866455
1908,POL,YR2018,29399.9996185303
1909,POL,YR2019,29000.0
1910,PRE,YR2010,704130.003169179
1911,PRE,YR2011,720439.996868372
1912,PRE,YR2012,720139.998346568
1913,PRE,YR2013,732109.992310405
1914,PRE,YR2014,749410.011366009
1915,PRE,YR2015,775699.997797608
1916,PRE,YR2016,805099.997252225
1917,PRE,YR2017,811019.997566938
1918,PRE,YR2018,826040.012449026
1919,PRE,YR2019,842210.003167391
1920,PRI,YR2010,
1921,PRI,YR2011,
1922,PRI,YR2012,
1923,PRI,YR2013,
1924,PRI,YR2014,
1925,PRI,YR2015,
1926,PRI,YR2016,
1927,PRI,YR2017,
1928,PRI,YR2018,
1929,PRI,YR2019,
1930,PRK,YR2010,16709.9990844727
1931,PRK,YR2011,16870.0008392334
1932,PRK,YR2012,17110.0006103516
1933,PRK,YR2013,17149.9996185303
1934,PRK,YR2014,17270.0004577637
1935,PRK,YR2015,17209.9990844727
1936,PRK,YR2016,17350.0003814697
1937,PRK,YR2017,17940.0005340576
1938,PRK,YR2018,17950.0007629395
1939,PRK,YR2019,18079.9999237061
1940,PRT,YR2010,11630.0001144409
1941,PRT,YR2011,11920.0000762939
1942,PRT,YR2012,11680.0003051758
1943,PRT,YR2013,11479.9995422363
1944,PRT,YR2014,11460.000038147
1945,PRT,YR2015,11489.9997711182
1946,PRT,YR2016,11439.9995803833
1947,PRT,YR2017,11569.9996948242
1948,PRT,YR2018,11329.9999237061
1949,PRT,YR2019,11350.0003814697
1950,PRY,YR2010,25489.9997711182
1951,PRY,YR2011,25989.9997711182
1952,PRY,YR2012,27190.0005340576
1953,PRY,YR2013,27690.0005340576
1954,PRY,YR2014,29059.9994659424
1955,PRY,YR2015,28799.9992370605
1956,PRY,YR2016,28719.9993133545
1957,PRY,YR2017,29389.9993896484
1958,PRY,YR2018,28329.9999237061
1959,PRY,YR2019,29170.0000762939
1960,PSE,YR2010,
1961,PSE,YR2011,
1962,PSE,YR2012,
1963,PSE,YR2013,
1964,PSE,YR2014,
1965,PSE,YR2015,
1966,PSE,YR2016,
1967,PSE,YR2017,
1968,PSE,YR2018,
1969,PSE,YR2019,
1970,PSS,YR2010,2029.99999374151
1971,PSS,YR2011,2069.99999657273
1972,PSS,YR2012,2090.00000730157
1973,PSS,YR2013,2109.99998822808
1974,PSS,YR2014,1720.0000025332
1975,PSS,YR2015,1760.00002399087
1976,PSS,YR2016,1780.00000491738
1977,PSS,YR2017,1820.00002637505
1978,PSS,YR2018,1840.00000730157
1979,PSS,YR2019,1899.99997988343
1980,PST,YR2010,1397159.99373794
1981,PST,YR2011,1438850.00951588
1982,PST,YR2012,1443769.96810734
1983,PST,YR2013,1402999.97907877
1984,PST,YR2014,1430639.96358216
1985,PST,YR2015,1424239.99354243
1986,PST,YR2016,1389669.97288168
1987,PST,YR2017,1429510.01833379
1988,PST,YR2018,1466590.03327787
1989,PST,YR2019,1481800.00422895
1990,PYF,YR2010,
1991,PYF,YR2011,
1992,PYF,YR2012,
1993,PYF,YR2013,
1994,PYF,YR2014,
1995,PYF,YR2015,
1996,PYF,YR2016,
1997,PYF,YR2017,
1998,PYF,YR2018,
1999,PYF,YR2019,
2000,QAT,YR2010,17229.9995422363
2001,QAT,YR2011,19229.9995422363
2002,QAT,YR2012,20649.9996185303
2003,QAT,YR2013,21399.9996185303
2004,QAT,YR2014,20870.0008392334
2005,QAT,YR2015,20860.0006103516
2006,QAT,YR2016,21229.9995422363
2007,QAT,YR2017,21250.0
2008,QAT,YR2018,21479.9995422363
2009,QAT,YR2019,21450.0007629395
2010,ROU,YR2010,18360.0006103516
2011,ROU,YR2011,16489.9997711182
2012,ROU,YR2012,17040.0009155273
2013,ROU,YR2013,17209.9990844727
2014,ROU,YR2014,17290.0009155273
2015,ROU,YR2015,17309.9994659424
2016,ROU,YR2016,17170.0000762939
2017,ROU,YR2017,17190.0005340576
2018,ROU,YR2018,16940.0005340576
2019,ROU,YR2019,16760.0002288818
2020,RUS,YR2010,596299.987792969
2021,RUS,YR2011,604900.024414063
2022,RUS,YR2012,601710.021972656
2023,RUS,YR2013,603580.017089844
2024,RUS,YR2014,604070.007324219
2025,RUS,YR2015,610559.997558594
2026,RUS,YR2016,626080.017089844
2027,RUS,YR2017,641590.026855469
2028,RUS,YR2018,669869.995117188
2029,RUS,YR2019,684299.987792969
2030,RWA,YR2010,1809.99994277954
2031,RWA,YR2011,1679.99994754791
2032,RWA,YR2012,1659.9999666214
2033,RWA,YR2013,1669.99995708466
2034,RWA,YR2014,1659.9999666214
2035,RWA,YR2015,1919.99995708466
2036,RWA,YR2016,1789.99996185303
2037,RWA,YR2017,1799.99995231628
2038,RWA,YR2018,1860.00001430511
2039,RWA,YR2019,1879.99999523163
2040,SAS,YR2010,880439.996629954
2041,SAS,YR2011,894280.03397584
2042,SAS,YR2012,896739.981509746
2043,SAS,YR2013,907430.016197264
2044,SAS,YR2014,914629.992589354
2045,SAS,YR2015,922700.011834503
2046,SAS,YR2016,929740.017287433
2047,SAS,YR2017,939979.997746647
2048,SAS,YR2018,952260.00341773
2049,SAS,YR2019,960800.02078414
2050,SAU,YR2010,91819.9996948242
2051,SAU,YR2011,100449.996948242
2052,SAU,YR2012,103309.997558594
2053,SAU,YR2013,102669.998168945
2054,SAU,YR2014,103430.000305176
2055,SAU,YR2015,106610.000610352
2056,SAU,YR2016,111150.001525879
2057,SAU,YR2017,109739.99786377
2058,SAU,YR2018,112300.003051758
2059,SAU,YR2019,110250.0
2060,SDN,YR2010,51159.9998474121
2061,SDN,YR2011,54779.9987792969
2062,SDN,YR2012,54580.0018310547
2063,SDN,YR2013,54869.9989318848
2064,SDN,YR2014,55040.0009155273
2065,SDN,YR2015,55549.9992370605
2066,SDN,YR2016,54919.9981689453
2067,SDN,YR2017,54779.9987792969
2068,SDN,YR2018,55159.9998474121
2069,SDN,YR2019,55380.0010681152
2070,SEN,YR2010,9510.00022888184
2071,SEN,YR2011,9729.99954223633
2072,SEN,YR2012,9579.99992370605
2073,SEN,YR2013,9850.00038146973
2074,SEN,YR2014,9850.00038146973
2075,SEN,YR2015,10000.0
2076,SEN,YR2016,10609.9996566772
2077,SEN,YR2017,10850.0003814697
2078,SEN,YR2018,10869.9998855591
2079,SEN,YR2019,11270.0004577637
2080,SGP,YR2010,3160.00008583069
2081,SGP,YR2011,3299.99995231628
2082,SGP,YR2012,3440.00005722046
2083,SGP,YR2013,3579.99992370605
2084,SGP,YR2014,3720.00002861023
2085,SGP,YR2015,3859.99989509583
2086,SGP,YR2016,3960.00003814697
2087,SGP,YR2017,4059.99994277954
2088,SGP,YR2018,4150.00009536743
2089,SGP,YR2019,4250.0
2090,SLB,YR2010,340.000003576279
2091,SLB,YR2011,349.999994039536
2092,SLB,YR2012,360.000014305115
2093,SLB,YR2013,370.000004768372
2094,SLB,YR2014,370.000004768372
2095,SLB,YR2015,379.999995231628
2096,SLB,YR2016,389.999985694885
2097,SLB,YR2017,400.000005960464
2098,SLB,YR2018,400.000005960464
2099,SLB,YR2019,409.999996423721
2100,SLE,YR2010,3160.00008583069
2101,SLE,YR2011,3440.00005722046
2102,SLE,YR2012,4019.99998092651
2103,SLE,YR2013,3890.00010490417
2104,SLE,YR2014,4139.9998664856
2105,SLE,YR2015,4050.00019073486
2106,SLE,YR2016,4210.00003814697
2107,SLE,YR2017,4130.00011444092
2108,SLE,YR2018,4010.00022888184
2109,SLE,YR2019,3710.00003814697
2110,SLV,YR2010,4000.0
2111,SLV,YR2011,3690.00005722046
2112,SLV,YR2012,3859.99989509583
2113,SLV,YR2013,3509.99999046326
2114,SLV,YR2014,3720.00002861023
2115,SLV,YR2015,3690.00005722046
2116,SLV,YR2016,3579.99992370605
2117,SLV,YR2017,3539.99996185303
2118,SLV,YR2018,3500.0
2119,SLV,YR2019,3480.00001907349
2120,SMR,YR2010,
2121,SMR,YR2011,
2122,SMR,YR2012,
2123,SMR,YR2013,
2124,SMR,YR2014,
2125,SMR,YR2015,
2126,SMR,YR2016,
2127,SMR,YR2017,
2128,SMR,YR2018,
2129,SMR,YR2019,
2130,SOM,YR2010,17739.9997711182
2131,SOM,YR2011,17870.0008392334
2132,SOM,YR2012,18090.0001525879
2133,SOM,YR2013,18159.9998474121
2134,SOM,YR2014,18280.0006866455
2135,SOM,YR2015,18350.0003814697
2136,SOM,YR2016,18299.9992370605
2137,SOM,YR2017,18200.0007629395
2138,SOM,YR2018,18190.0005340576
2139,SOM,YR2019,17979.9995422363
2140,SRB,YR2010,10850.0003814697
2141,SRB,YR2011,10939.9995803833
2142,SRB,YR2012,11050.0001907349
2143,SRB,YR2013,11109.9996566772
2144,SRB,YR2014,11390.0003433228
2145,SRB,YR2015,11520.0004577637
2146,SRB,YR2016,11449.9998092651
2147,SRB,YR2017,11479.9995422363
2148,SRB,YR2018,11439.9995803833
2149,SRB,YR2019,11539.999961853
2150,SSA,YR2010,804210.008563474
2151,SSA,YR2011,816670.001277701
2152,SSA,YR2012,805279.99211289
2153,SSA,YR2013,812389.995599165
2154,SSA,YR2014,824640.006238594
2155,SSA,YR2015,840260.002845898
2156,SSA,YR2016,858269.996123388
2157,SSA,YR2017,867920.002529398
2158,SSA,YR2018,879270.007202402
2159,SSA,YR2019,891839.995989576
2160,SSD,YR2010,48099.9984741211
2161,SSD,YR2011,44560.001373291
2162,SSD,YR2012,28459.9990844727
2163,SSD,YR2013,29629.9991607666
2164,SSD,YR2014,31340.0001525879
2165,SSD,YR2015,31530.0006866455
2166,SSD,YR2016,32000.0
2167,SSD,YR2017,31190.0005340576
2168,SSD,YR2018,32610.0006103516
2169,SSD,YR2019,30170.0000762939
2170,SSF,YR2010,804290.008561686
2171,SSF,YR2011,816750.001275912
2172,SSF,YR2012,805369.992116466
2173,SSF,YR2013,812479.995602742
2174,SSF,YR2014,824730.00624217
2175,SSF,YR2015,840350.002849474
2176,SSF,YR2016,858359.996126964
2177,SSF,YR2017,868010.002532974
2178,SSF,YR2018,879360.007205978
2179,SSF,YR2019,891929.995993153
2180,SST,YR2010,97279.9995932727
2181,SST,YR2011,102929.99961786
2182,SST,YR2012,99189.9996008725
2183,SST,YR2013,96239.9994935841
2184,SST,YR2014,96870.0000178069
2185,SST,YR2015,95970.0007122011
2186,SST,YR2016,94699.9994050711
2187,SST,YR2017,95540.0000419468
2188,SST,YR2018,93909.9989365786
2189,SST,YR2019,93550.0007253141
2190,STP,YR2010,9.99999977648258
2191,STP,YR2011,9.99999977648258
2192,STP,YR2012,9.99999977648258
2193,STP,YR2013,9.99999977648258
2194,STP,YR2014,9.99999977648258
2195,STP,YR2015,9.99999977648258
2196,STP,YR2016,9.99999977648258
2197,STP,YR2017,9.99999977648258
2198,STP,YR2018,9.99999977648258
2199,STP,YR2019,9.99999977648258
2200,SUR,YR2010,1299.99995231628
2201,SUR,YR2011,1340.0000333786
2202,SUR,YR2012,1330.00004291534
2203,SUR,YR2013,1350.00002384186
2204,SUR,YR2014,1389.99998569489
2205,SUR,YR2015,1379.99999523163
2206,SUR,YR2016,1399.99997615814
2207,SUR,YR2017,1389.99998569489
2208,SUR,YR2018,1360.00001430511
2209,SUR,YR2019,1419.99995708466
2210,SVK,YR2010,4530.00020980835
2211,SVK,YR2011,4650.00009536743
2212,SVK,YR2012,4150.00009536743
2213,SVK,YR2013,4320.00017166138
2214,SVK,YR2014,4079.99992370605
2215,SVK,YR2015,4190.00005722046
2216,SVK,YR2016,4269.99998092651
2217,SVK,YR2017,4260.00022888184
2218,SVK,YR2018,4250.0
2219,SVK,YR2019,4409.99984741211
2220,SVN,YR2010,1929.99994754791
2221,SVN,YR2011,1909.9999666214
2222,SVN,YR2012,1860.00001430511
2223,SVN,YR2013,1820.00005245209
2224,SVN,YR2014,1740.00000953674
2225,SVN,YR2015,1779.99997138977
2226,SVN,YR2016,1809.99994277954
2227,SVN,YR2017,1789.99996185303
2228,SVN,YR2018,1740.00000953674
2229,SVN,YR2019,1730.00001907349
2230,SWE,YR2010,5869.99988555908
2231,SWE,YR2011,5840.00015258789
2232,SWE,YR2012,5699.99980926514
2233,SWE,YR2013,5530.00020980835
2234,SWE,YR2014,5389.9998664856
2235,SWE,YR2015,5210.00003814697
2236,SWE,YR2016,5150.00009536743
2237,SWE,YR2017,5119.99988555908
2238,SWE,YR2018,4880.00011444092
2239,SWE,YR2019,4769.99998092651
2240,SWZ,YR2010,1240.00000953674
2241,SWZ,YR2011,1250.0
2242,SWZ,YR2012,1259.99999046326
2243,SWZ,YR2013,1259.99999046326
2244,SWZ,YR2014,1269.99998092651
2245,SWZ,YR2015,1259.99999046326
2246,SWZ,YR2016,1259.99999046326
2247,SWZ,YR2017,1279.99997138977
2248,SWZ,YR2018,1289.99996185303
2249,SWZ,YR2019,1330.00004291534
2250,SXM,YR2010,
2251,SXM,YR2011,
2252,SXM,YR2012,
2253,SXM,YR2013,
2254,SXM,YR2014,
2255,SXM,YR2015,
2256,SXM,YR2016,
2257,SXM,YR2017,
2258,SXM,YR2018,
2259,SXM,YR2019,
2260,SYC,YR2010,79.9999982118607
2261,SYC,YR2011,79.9999982118607
2262,SYC,YR2012,90.0000035762787
2263,SYC,YR2013,90.0000035762787
2264,SYC,YR2014,90.0000035762787
2265,SYC,YR2015,90.0000035762787
2266,SYC,YR2016,90.0000035762787
2267,SYC,YR2017,90.0000035762787
2268,SYC,YR2018,90.0000035762787
2269,SYC,YR2019,90.0000035762787
2270,SYR,YR2010,36569.9996948242
2271,SYR,YR2011,34200.0007629395
2272,SYR,YR2012,24879.9991607666
2273,SYR,YR2013,18590.0001525879
2274,SYR,YR2014,17020.0004577637
2275,SYR,YR2015,16399.9996185303
2276,SYR,YR2016,15819.9996948242
2277,SYR,YR2017,17000.0
2278,SYR,YR2018,15819.9996948242
2279,SYR,YR2019,17040.0009155273
2280,TCA,YR2010,
2281,TCA,YR2011,
2282,TCA,YR2012,
2283,TCA,YR2013,
2284,TCA,YR2014,
2285,TCA,YR2015,
2286,TCA,YR2016,
2287,TCA,YR2017,
2288,TCA,YR2018,
2289,TCA,YR2019,
2290,TCD,YR2010,33200.0007629395
2291,TCD,YR2011,34919.9981689453
2292,TCD,YR2012,36639.9993896484
2293,TCD,YR2013,38319.9996948242
2294,TCD,YR2014,40060.001373291
2295,TCD,YR2015,43720.0012207031
2296,TCD,YR2016,46279.9987792969
2297,TCD,YR2017,47770.0004577637
2298,TCD,YR2018,50720.0012207031
2299,TCD,YR2019,52720.0012207031
2300,TEA,YR2010,1713560.03072113
2301,TEA,YR2011,1762049.97998849
2302,TEA,YR2012,1764600.04124418
2303,TEA,YR2013,1793560.02602354
2304,TEA,YR2014,1813290.00828043
2305,TEA,YR2015,1811369.96344104
2306,TEA,YR2016,1777309.94776264
2307,TEA,YR2017,1798479.98509183
2308,TEA,YR2018,1829709.9669911
2309,TEA,YR2019,1844670.04192248
2310,TEC,YR2010,959629.995465279
2311,TEC,YR2011,979770.024120808
2312,TEC,YR2012,981250.018894672
2313,TEC,YR2013,988150.019466877
2314,TEC,YR2014,987800.007641316
2315,TEC,YR2015,989489.991009236
2316,TEC,YR2016,1004740.01938105
2317,TEC,YR2017,1026280.02697229
2318,TEC,YR2018,1062239.99506235
2319,TEC,YR2019,1079309.99159813
2320,TGO,YR2010,2210.00003814697
2321,TGO,YR2011,2460.00003814697
2322,TGO,YR2012,2420.00007629395
2323,TGO,YR2013,2579.99992370605
2324,TGO,YR2014,2529.99997138977
2325,TGO,YR2015,2750.0
2326,TGO,YR2016,2640.00010490417
2327,TGO,YR2017,2680.0000667572
2328,TGO,YR2018,2720.00002861023
2329,TGO,YR2019,2809.99994277954
2330,THA,YR2010,81190.0024414063
2331,THA,YR2011,80150.0015258789
2332,THA,YR2012,80949.9969482422
2333,THA,YR2013,79690.0024414063
2334,THA,YR2014,75180.0003051758
2335,THA,YR2015,70879.997253418
2336,THA,YR2016,74129.997253418
2337,THA,YR2017,73980.0033569336
2338,THA,YR2018,73739.9978637695
2339,THA,YR2019,70190.0024414063
2340,TJK,YR2010,4329.99992370605
2341,TJK,YR2011,4480.00001907349
2342,TJK,YR2012,4739.99977111816
2343,TJK,YR2013,4909.99984741211
2344,TJK,YR2014,5019.99998092651
2345,TJK,YR2015,5230.00001907349
2346,TJK,YR2016,5460.00003814697
2347,TJK,YR2017,5539.99996185303
2348,TJK,YR2018,5579.99992370605
2349,TJK,YR2019,5659.99984741211
2350,TKM,YR2010,53740.0016784668
2351,TKM,YR2011,67470.0012207031
2352,TKM,YR2012,71559.9975585938
2353,TKM,YR2013,77050.0030517578
2354,TKM,YR2014,76040.0009155273
2355,TKM,YR2015,77779.9987792969
2356,TKM,YR2016,75680.0003051758
2357,TKM,YR2017,75559.9975585938
2358,TKM,YR2018,78110.0006103516
2359,TKM,YR2019,80480.0033569336
2360,TLA,YR2010,1114090.00271559
2361,TLA,YR2011,1118390.01339674
2362,TLA,YR2012,1138869.99982596
2363,TLA,YR2013,1136999.99123812
2364,TLA,YR2014,1152950.00186563
2365,TLA,YR2015,1160230.00077903
2366,TLA,YR2016,1155490.01066387
2367,TLA,YR2017,1138050.020203
2368,TLA,YR2018,1117919.98492181
2369,TLA,YR2019,1113750.00797212
2370,TLS,YR2010,6570.00017166138
2371,TLS,YR2011,6449.99980926514
2372,TLS,YR2012,6369.99988555908
2373,TLS,YR2013,6179.99982833862
2374,TLS,YR2014,6070.00017166138
2375,TLS,YR2015,5989.99977111816
2376,TLS,YR2016,5750.0
2377,TLS,YR2017,5460.00003814697
2378,TLS,YR2018,5210.00003814697
2379,TLS,YR2019,5010.00022888184
2380,TMN,YR2010,577409.994244575
2381,TMN,YR2011,542099.999308586
2382,TMN,YR2012,579239.997267723
2383,TMN,YR2013,554249.995827675
2384,TMN,YR2014,551400.004267692
2385,TMN,YR2015,559549.993872643
2386,TMN,YR2016,602610.007405281
2387,TMN,YR2017,637510.001778602
2388,TMN,YR2018,649649.997830391
2389,TMN,YR2019,636649.987637996
2390,TON,YR2010,90.0000035762787
2391,TON,YR2011,90.0000035762787
2392,TON,YR2012,90.0000035762787
2393,TON,YR2013,90.0000035762787
2394,TON,YR2014,90.0000035762787
2395,TON,YR2015,90.0000035762787
2396,TON,YR2016,90.0000035762787
2397,TON,YR2017,90.0000035762787
2398,TON,YR2018,90.0000035762787
2399,TON,YR2019,90.0000035762787
2400,TSA,YR2010,880439.996629954
2401,TSA,YR2011,894280.03397584
2402,TSA,YR2012,896739.981509746
2403,TSA,YR2013,907430.016197264
2404,TSA,YR2014,914629.992589354
2405,TSA,YR2015,922700.011834503
2406,TSA,YR2016,929740.017287433
2407,TSA,YR2017,939979.997746647
2408,TSA,YR2018,952260.00341773
2409,TSA,YR2019,960800.02078414
2410,TSS,YR2010,804290.008561686
2411,TSS,YR2011,816750.001275912
2412,TSS,YR2012,805369.992116467
2413,TSS,YR2013,812479.995602742
2414,TSS,YR2014,824730.00624217
2415,TSS,YR2015,840350.002849474
2416,TSS,YR2016,858359.996126964
2417,TSS,YR2017,868010.002532974
2418,TSS,YR2018,879360.007205978
2419,TSS,YR2019,891929.995993152
2420,TTO,YR2010,8159.99984741211
2421,TTO,YR2011,8119.99988555908
2422,TTO,YR2012,8149.99961853027
2423,TTO,YR2013,8180.00030517578
2424,TTO,YR2014,8109.99965667725
2425,TTO,YR2015,7650.00009536743
2426,TTO,YR2016,6820.00017166138
2427,TTO,YR2017,6849.99990463257
2428,TTO,YR2018,7019.99998092651
2429,TTO,YR2019,7010.00022888184
2430,TUN,YR2010,7320.00017166138
2431,TUN,YR2011,7329.99992370605
2432,TUN,YR2012,7449.99980926514
2433,TUN,YR2013,7369.99988555908
2434,TUN,YR2014,7409.99984741211
2435,TUN,YR2015,7139.9998664856
2436,TUN,YR2016,6949.99980926514
2437,TUN,YR2017,6829.99992370605
2438,TUN,YR2018,6929.99982833862
2439,TUN,YR2019,6869.99988555908
2440,TUR,YR2010,42380.0010681152
2441,TUR,YR2011,43990.0016784668
2442,TUR,YR2012,45459.9990844727
2443,TUR,YR2013,44419.9981689453
2444,TUR,YR2014,46619.9989318848
2445,TUR,YR2015,42509.9983215332
2446,TUR,YR2016,44560.001373291
2447,TUR,YR2017,44970.0012207031
2448,TUR,YR2018,47090.0001525879
2449,TUR,YR2019,48520.0004577637
2450,TUV,YR2010,9.99999977648258
2451,TUV,YR2011,9.99999977648258
2452,TUV,YR2012,9.99999977648258
2453,TUV,YR2013,9.99999977648258
2454,TUV,YR2014,9.99999977648258
2455,TUV,YR2015,9.99999977648258
2456,TUV,YR2016,9.99999977648258
2457,TUV,YR2017,9.99999977648258
2458,TUV,YR2018,9.99999977648258
2459,TUV,YR2019,9.99999977648258
2460,TZA,YR2010,36389.9993896484
2461,TZA,YR2011,38009.9983215332
2462,TZA,YR2012,38529.9987792969
2463,TZA,YR2013,40340.0001525879
2464,TZA,YR2014,41159.9998474121
2465,TZA,YR2015,43009.9983215332
2466,TZA,YR2016,42880.0010681152
2467,TZA,YR2017,42110.0006103516
2468,TZA,YR2018,42569.9996948242
2469,TZA,YR2019,43639.9993896484
2470,UGA,YR2010,19690.0005340576
2471,UGA,YR2011,19510.0002288818
2472,UGA,YR2012,20360.0006103516
2473,UGA,YR2013,20469.9993133545
2474,UGA,YR2014,20950.0007629395
2475,UGA,YR2015,21889.9993896484
2476,UGA,YR2016,22299.9992370605
2477,UGA,YR2017,22840.0001525879
2478,UGA,YR2018,23540.0009155273
2479,UGA,YR2019,23979.9995422363
2480,UKR,YR2010,38060.001373291
2481,UKR,YR2011,36840.0001525879
2482,UKR,YR2012,36349.9984741211
2483,UKR,YR2013,36779.9987792969
2484,UKR,YR2014,35299.9992370605
2485,UKR,YR2015,33360.0006103516
2486,UKR,YR2016,33130.0010681152
2487,UKR,YR2017,32959.9990844727
2488,UKR,YR2018,33150.0015258789
2489,UKR,YR2019,32680.0003051758
2490,UMC,YR2010,3111910.033267
2491,UMC,YR2011,3153000.03526733
2492,UMC,YR2012,3209980.06557301
2493,UMC,YR2013,3216870.02812699
2494,UMC,YR2014,3237340.00894055
2495,UMC,YR2015,3259979.97817024
2496,UMC,YR2016,3254219.96733919
2497,UMC,YR2017,3308470.02870217
2498,UMC,YR2018,3374169.9375622
2499,UMC,YR2019,3427670.01656816
2500,URY,YR2010,21370.0008392334
2501,URY,YR2011,21620.0008392334
2502,URY,YR2012,21059.9994659424
2503,URY,YR2013,21190.0005340576
2504,URY,YR2014,21520.0004577637
2505,URY,YR2015,21530.0006866455
2506,URY,YR2016,21649.9996185303
2507,URY,YR2017,21329.9999237061
2508,URY,YR2018,20920.0000762939
2509,URY,YR2019,20739.9997711182
2510,USA,YR2010,627739.990234375
2511,USA,YR2011,632760.009765625
2512,USA,YR2012,643719.970703125
2513,USA,YR2013,646169.982910156
2514,USA,YR2014,669719.970703125
2515,USA,YR2015,670489.990234375
2516,USA,YR2016,652349.975585938
2517,USA,YR2017,668390.014648438
2518,USA,YR2018,709400.024414063
2519,USA,YR2019,744510.009765625
2520,UZB,YR2010,46900.0015258789
2521,UZB,YR2011,47099.9984741211
2522,UZB,YR2012,47049.9992370605
2523,UZB,YR2013,46490.0016784668
2524,UZB,YR2014,45250.0
2525,UZB,YR2015,45509.9983215332
2526,UZB,YR2016,48459.9990844727
2527,UZB,YR2017,49340.0001525879
2528,UZB,YR2018,53529.9987792969
2529,UZB,YR2019,53979.9995422363
2530,VCT,YR2010,70.0000002980232
2531,VCT,YR2011,70.0000002980232
2532,VCT,YR2012,70.0000002980232
2533,VCT,YR2013,70.0000002980232
2534,VCT,YR2014,70.0000002980232
2535,VCT,YR2015,70.0000002980232
2536,VCT,YR2016,70.0000002980232
2537,VCT,YR2017,70.0000002980232
2538,VCT,YR2018,70.0000002980232
2539,VCT,YR2019,70.0000002980232
2540,VEN,YR2010,175899.993896484
2541,VEN,YR2011,177419.998168945
2542,VEN,YR2012,191339.996337891
2543,VEN,YR2013,193750.0
2544,VEN,YR2014,192119.995117188
2545,VEN,YR2015,185860.000610352
2546,VEN,YR2016,176070.007324219
2547,VEN,YR2017,157080.001831055
2548,VEN,YR2018,138169.998168945
2549,VEN,YR2019,119239.99786377
2550,VGB,YR2010,
2551,VGB,YR2011,
2552,VGB,YR2012,
2553,VGB,YR2013,
2554,VGB,YR2014,
2555,VGB,YR2015,
2556,VGB,YR2016,
2557,VGB,YR2017,
2558,VGB,YR2018,
2559,VGB,YR2019,
2560,VIR,YR2010,
2561,VIR,YR2011,
2562,VIR,YR2012,
2563,VIR,YR2013,
2564,VIR,YR2014,
2565,VIR,YR2015,
2566,VIR,YR2016,
2567,VIR,YR2017,
2568,VIR,YR2018,
2569,VIR,YR2019,
2570,VNM,YR2010,82379.997253418
2571,VNM,YR2011,83190.0024414063
2572,VNM,YR2012,83430.0003051758
2573,VNM,YR2013,84319.9996948242
2574,VNM,YR2014,84410.0036621094
2575,VNM,YR2015,83529.9987792969
2576,VNM,YR2016,81440.0024414063
2577,VNM,YR2017,81099.9984741211
2578,VNM,YR2018,81230.0033569336
2579,VNM,YR2019,80480.0033569336
2580,VUT,YR2010,449.999988079071
2581,VUT,YR2011,460.00000834465
2582,VUT,YR2012,469.999998807907
2583,VUT,YR2013,469.999998807907
2584,VUT,YR2014,479.999989271164
2585,VUT,YR2015,490.000009536743
2586,VUT,YR2016,490.000009536743
2587,VUT,YR2017,500.0
2588,VUT,YR2018,500.0
2589,VUT,YR2019,509.999990463257
2590,WLD,YR2010,7620180.02018147
2591,WLD,YR2011,7743640.05871304
2592,WLD,YR2012,7810950.00118949
2593,WLD,YR2013,7802430.02022244
2594,WLD,YR2014,7885149.98397418
2595,WLD,YR2015,7926669.95500214
2596,WLD,YR2016,7948159.97520275
2597,WLD,YR2017,8065920.05292513
2598,WLD,YR2018,8189629.99034114
2599,WLD,YR2019,8242600.0473965
2600,WSM,YR2010,270.000010728836
2601,WSM,YR2011,280.000001192093
2602,WSM,YR2012,280.000001192093
2603,WSM,YR2013,280.000001192093
2604,WSM,YR2014,289.99999165535
2605,WSM,YR2015,300.000011920929
2606,WSM,YR2016,310.000002384186
2607,WSM,YR2017,300.000011920929
2608,WSM,YR2018,310.000002384186
2609,WSM,YR2019,310.000002384186
2610,XKX,YR2010,
2611,XKX,YR2011,
2612,XKX,YR2012,
2613,XKX,YR2013,
2614,XKX,YR2014,
2615,XKX,YR2015,
2616,XKX,YR2016,
2617,XKX,YR2017,
2618,XKX,YR2018,
2619,XKX,YR2019,
2620,YEM,YR2010,23049.9992370605
2621,YEM,YR2011,22329.9999237061
2622,YEM,YR2012,19799.9992370605
2623,YEM,YR2013,22360.0006103516
2624,YEM,YR2014,20950.0007629395
2625,YEM,YR2015,12260.0002288818
2626,YEM,YR2016,9350.00038146973
2627,YEM,YR2017,10140.0003433228
2628,YEM,YR2018,10619.9998855591
2629,YEM,YR2019,10609.9996566772
2630,ZAF,YR2010,77260.0021362305
2631,ZAF,YR2011,77260.0021362305
2632,ZAF,YR2012,79209.9990844727
2633,ZAF,YR2013,79029.9987792969
2634,ZAF,YR2014,79919.9981689453
2635,ZAF,YR2015,79160.0036621094
2636,ZAF,YR2016,78739.9978637695
2637,ZAF,YR2017,80110.0006103516
2638,ZAF,YR2018,79839.9963378906
2639,ZAF,YR2019,80129.997253418
2640,ZMB,YR2010,14409.9998474121
2641,ZMB,YR2011,13869.9998855591
2642,ZMB,YR2012,15460.000038147
2643,ZMB,YR2013,15729.9995422363
2644,ZMB,YR2014,15590.0001525879
2645,ZMB,YR2015,15819.9996948242
2646,ZMB,YR2016,15640.0003433228
2647,ZMB,YR2017,15020.0004577637
2648,ZMB,YR2018,15250.0
2649,ZMB,YR2019,15619.9998855591
2650,ZWE,YR2010,12270.0004577637
2651,ZWE,YR2011,12640.0003433228
2652,ZWE,YR2012,12460.000038147
2653,ZWE,YR2013,12340.0001525879
2654,ZWE,YR2014,11369.9998855591
2655,ZWE,YR2015,12260.0002288818
2656,ZWE,YR2016,11869.9998855591
2657,ZWE,YR2017,12060.0004196167
2658,ZWE,YR2018,12340.0001525879
2659,ZWE,YR2019,12550.0001907349
